,CoC Number,Coc,Year,permanent_housing,homeless,poverty,unemployment_rate,Population,Male,Female,White,Black or African American,American Indian and Alaska Native,Asian,Native Hawaiian and Other Pacific Islander,Two or More Races,Non Hispanic,Hispanic,Drug Deaths,Suicide Deaths
0,AZ-502,"Phoenix,Mesa/Maricopa",2007,52.0015430050695,218.12762428342958,98946.77510391272,3200.0,3872962,50412.47499975471,49587.52500024529,87858.90488984916,4886.079439973849,2248.9505448284804,3007.620524033027,231.96716105141235,1766.4774402640664,69301.06724517308,30698.932754826925,14.846517988041194,14.665777769056344
1,AZ-502,"Phoenix,Mesa/Maricopa",2008,63.74007992899916,181.62006920712443,98615.85751123661,5100.0,3958263,50450.15957757228,49549.84042242772,87561.08424326529,5048.527599100918,2244.696726821841,3094.8170952763876,236.56841397350303,1814.305921562059,68666.6853617357,31333.31463826431,13.28865717108742,13.642347666135372
2,AZ-502,"Phoenix,Mesa/Maricopa",2009,62.861472106806346,196.09100571395618,98737.2773252282,8900.0,4023132,50471.8711690295,49528.1288309705,87320.15255775848,5202.364724796502,2218.7191471719048,3163.1823166627396,240.48427941215948,1855.096974198212,68167.93483286156,31832.06516713844,14.068641048814705,13.024678285475098
3,AZ-502,"Phoenix,Mesa/Maricopa",2010,78.93391792811171,183.35827798833517,98824.76748813306,9500.0,3817117,49473.59486230053,50526.40513769947,85623.94079091628,5389.722138462091,2610.9495726748746,3675.1558833538506,264.99056748849983,2435.241047104398,70429.48906203295,29570.51093796706,15.954449392041166,14.775549190658815
4,AZ-502,"Phoenix,Mesa/Maricopa",2011,82.93399522265095,150.463013734685,98699.22131326265,8500.0,3875371,49431.62861052529,50568.37138947471,85242.47097890757,5479.42377645908,2627.387158545595,3847.3477765096554,266.14226096030546,2537.228048617797,70307.79762763358,29692.20237236641,16.17909614331118,16.024272256772317
5,AZ-502,"Phoenix,Mesa/Maricopa",2012,113.44510677745231,164.25352030626888,98408.85575957439,7300.0,3948165,49449.19981814337,50550.80018185663,84894.75490512681,5584.163782415375,2662.4267222874423,3971.2372709853817,269.41629845763794,2618.0010207273504,70136.53178121988,29863.468218780115,15.95677992181178,15.298246147260816
6,AZ-502,"Phoenix,Mesa/Maricopa",2013,117.3775218935082,146.54149383736905,98332.00494593094,6600.0,4018657,49454.30774509992,50545.69225490009,84540.78066378892,5680.728661341339,2704.0874600643947,4102.340657587846,271.95652677001294,2700.1060304474854,69953.19580645973,30046.804193540276,17.543174249506738,15.651995181474806
7,AZ-502,"Phoenix,Mesa/Maricopa",2014,133.7780554170344,144.52328075173597,98246.01291087666,5800.0,4094842,49457.95222379765,50542.04777620236,84190.57438602026,5773.800307801864,2748.2379051499424,4241.164860573375,274.39398150160616,2771.8285589529464,69747.9170136479,30252.082986352096,16.972571835494506,15.971312202033682
8,AZ-502,"Phoenix,Mesa/Maricopa",2015,127.41880734175719,134.89289417962675,98309.39509484304,5100.0,4174423,49462.2131010681,50537.7868989319,83846.0309364911,5916.194884897865,2772.838306036547,4347.642776019584,276.1100156836047,2841.183080871296,69509.24714625231,30490.752853747694,16.936472417864696,16.12198859578917
9,AZ-502,"Phoenix,Mesa/Maricopa",2016,136.35448784986633,133.9120374991281,98060.08380892617,4700.0,4258019,49458.56277297025,50541.43722702975,83458.90424631735,6065.778475859314,2791.438929699468,4491.478314211374,279.16737806947316,2913.2326558430104,69300.77108627275,30699.22891372725,18.717624322484234,16.22820377269336
10,AZ-502,"Phoenix,Mesa/Maricopa",2017,150.09607950795836,129.46884051125062,97936.83722290376,4300.0,4329227,49461.693738859154,50538.30626114084,83169.18932640862,6191.082149307486,2809.831870678068,4573.379959055046,283.35312516530087,2973.163569385482,69043.48051049298,30956.519489507016,22.38274869855519,15.66099444542871
11,AZ-502,"Phoenix,Mesa/Maricopa",2018,166.93505513578398,142.96396209480113,98630.51511064159,4100.0,4405306,49448.82375934839,50551.17624065162,82905.00137788385,6325.190576999646,2829.3834752909333,4608.124838546971,286.0414236831675,3046.2583075954312,68838.41894297468,31161.581057025323,24.493190711383043,16.72982535151928
12,AZ-502,"Phoenix,Mesa/Maricopa",2019,147.83201599372788,147.2309823494227,98309.91565271921,4200.0,4492261,49435.17306763788,50564.82693236211,82589.32417328378,6451.8513060572395,2849.5005076508246,4694.740577183739,290.9893258650822,3123.594109959328,68651.4430038682,31348.556996131792,27.224598036489866,16.31695041761821
13,AZ-502,"Phoenix,Mesa/Maricopa",2020,135.2891551820114,162.01940957148386,98455.34507906718,7200.0,4579081,49429.91836134805,50570.081638651944,82317.43443717199,6551.554777039323,2865.7496995576184,4769.734363729316,295.8453890638755,3199.681333437867,68483.2393224754,31516.760677524595,35.290924095904835,15.636325280116251
14,AZ-502,"Phoenix,Mesa/Maricopa",2021,137.99351864124532,81.17265802426195,98546.8315086906,4500.0,4496588,49704.88735014193,50295.11264985806,81983.13921577872,6679.842582865052,2948.746916550949,4804.665226167041,298.4262734322113,3285.179785206027,68049.0852175027,31950.914782497308,37.73972621018425,16.43468336436427
15,CA-500,San Jose/Santa Clara City & County,2007,67.86830300819003,417.7671096281919,99817.85771671307,4600.0,1723927,51017.87952738138,48982.12047261862,62508.50529053724,2868.798968865851,757.3406530554948,30799.796047048396,430.8187063605361,2634.740334132478,74357.67291770475,25642.327082295247,8.17900061893572,8.35302190870031
16,CA-500,San Jose/Santa Clara City & County,2008,83.26456318282494,410.17194530964787,98889.08442582477,6000.0,1755849,51046.41686158662,48953.58313841338,61983.12041639116,2862.2620737888055,763.3344325166913,31291.415150163826,429.08017716785446,2670.787749971666,74064.68323870674,25935.316761293252,6.492585638058853,9.169353401118205
17,CA-500,San Jose/Santa Clara City & County,2009,72.84374120972161,397.0544232400672,98386.17493032216,11000.0,1784642,51075.67792307925,48924.32207692075,61568.03437328047,2861.8064575416242,774.7212045889315,31671.45007233944,429.7780731373576,2694.2098191121804,73722.23672871085,26277.763271289146,6.443869414706143,8.57314800391339
18,CA-500,San Jose/Santa Clara City & County,2010,118.20556542784689,397.7229993455476,98835.62466533681,10700.0,1781642,50170.06783629933,49829.93216370067,58726.38835411379,2905.5219847758417,1400.730337520108,32667.617849152637,488.8187413633041,3810.9227330743215,73102.90170528085,26897.09829471914,7.4650238375610805,8.306943819240901
19,CA-500,San Jose/Santa Clara City & County,2011,137.59105818175595,390.03449986781766,98397.19939002953,9500.0,1811891,50174.927741238294,49825.072258761706,57996.31434782777,2883.561980273648,1364.5964354367895,33348.087716093294,503.8382551709788,3903.6012651975207,73198.27737982031,26801.72262017969,7.947497945516591,9.051317104616118
20,CA-500,San Jose/Santa Clara City & County,2012,173.214591819243,383.81480241945354,98581.25113939068,8000.0,1837605,50226.40883106,49773.59116894001,57378.163424675055,2870.801940569382,1341.8552953436674,33933.57114287347,505.71259873585456,3969.8955978025747,73401.30223851155,26598.69776148846,7.727449587914704,8.217217519543102
21,CA-500,San Jose/Santa Clara City & County,2013,178.88052302992952,408.9386672382841,98344.47094129311,6600.0,1866050,50263.44417352161,49736.55582647839,56714.66466600573,2855.389726963372,1323.4372069344338,34576.72623991854,510.49007261327404,4019.292087564642,73604.8337397176,26395.166260282414,8.145548082848798,8.145548082848798
22,CA-500,San Jose/Santa Clara City & County,2014,194.73522248882506,400.0981342853487,98747.73038028093,5200.0,1891286,50344.791850624395,49655.20814937561,56001.366266127916,2846.6873862546436,1294.727502873706,35275.680145678656,513.5659017197822,4067.972797345298,73848.79917685638,26151.200823143616,7.085126205132381,8.248355880601876
23,CA-500,San Jose/Santa Clara City & County,2015,145.84473017158942,342.2183432372728,98712.97506545788,4200.0,1915736,50419.473246835674,49580.52675316432,55157.13021000806,2814.5840554230854,1258.2631427294784,36149.55296554431,512.9099207824042,4107.55970551266,74171.12796335194,25828.872036648056,7.360095545524018,8.143084433345722
24,CA-500,San Jose/Santa Clara City & County,2016,146.35836327577192,338.3564713008987,98177.31455741895,3800.0,1928144,50471.95645138537,49528.04354861462,54260.21085562074,2808.6595192060345,1243.9423611514494,37024.46497771951,515.6253889750973,4147.09689732717,74490.80566596685,25509.19433403314,7.779501945912753,7.623911906994499
25,CA-500,San Jose/Santa Clara City & County,2017,221.24454845669638,382.662500886272,98934.29994343384,3200.0,1932251,50575.05469009979,49424.94530990021,53387.422234481965,2803.466009333156,1216.9743992887052,37885.70946528169,524.4660243415581,4181.961867272937,74767.71910067585,25232.280899324156,8.125238387766393,7.348941726514827
26,CA-500,San Jose/Santa Clara City & County,2018,218.42819690629068,375.46875363939165,98923.43884657489,2700.0,1931985,50646.25242949609,49353.74757050391,52582.551106763254,2820.6740735564717,1194.6262522742154,38637.25650043866,525.7804796621092,4239.111587305285,75013.21180029865,24986.788199701343,9.05804134090068,8.126357088693753
27,CA-500,San Jose/Santa Clara City & County,2019,170.41100992451666,504.88683221225847,98855.39564640443,2500.0,1922411,50701.5929476059,49298.407052394105,51824.713861916105,2818.1278613158165,1184.0340072960466,39373.006084546956,526.2142174592218,4273.903967465854,75199.4240565623,24800.575943437696,11.235890764253845,8.9470982011651
28,CA-500,San Jose/Santa Clara City & County,2020,207.3823937329093,503.64295620849407,98552.5180836923,7200.0,1907105,50744.76759276495,49255.23240723505,51092.46737856594,2852.071595428673,1186.667750333621,40065.963856211376,515.1787657208176,4287.650653739569,75272.15334236973,24727.84665763028,15.835520330553377,9.123776614292343
29,CA-500,San Jose/Santa Clara City & County,2021,240.7839160586961,122.03607727996912,98590.77765779832,4700.0,1885508,50939.163344838635,49060.836655161365,50506.81301803015,2874.0265222953176,1206.1470966975478,40565.937667726685,515.0336142832595,4332.0420809670395,74992.52190921492,25007.478090785084,17.02458965965671,8.114524043387778
30,CA-501,San Francisco,2007,625.0117307006512,713.6019820191821,94400.67068325856,4200.0,799185,50795.873295920224,49204.12670407978,57482.81061331231,6961.592121974261,540.5506860113741,31735.83087770666,496.0053054048812,2783.2103955905077,85882.1174071085,14117.882592891508,23.273710092156385,14.014277044739327
31,CA-501,San Francisco,2008,647.6477133072855,639.974455477159,98711.1402089849,5300.0,808001,50781.7440819999,49218.255918000104,57750.91862510071,6783.036159608713,547.8953615156418,31593.27773109192,489.603354451294,2835.2687682317223,85785.1661074677,14214.833892532311,21.41086459051412,11.509886745189672
32,CA-501,San Francisco,2009,741.1468336607968,714.1648208516995,98604.41671020583,9100.0,815358,50782.478371463825,49217.521628536175,58021.26182609357,6696.199706141351,560.8579298909191,31358.127350194638,491.80850620218354,2871.744681477339,85590.13341378879,14409.866586211208,21.095028196203387,11.896614738556561
33,CA-501,San Francisco,2010,833.2971120231982,723.1429334293715,98099.06424832501,9100.0,805235,50725.812961433614,49274.18703856638,54575.49659416195,6402.478779486733,866.3309468664428,33763.55970617273,469.1798046532999,3922.954168658839,84877.2097586419,15122.790241358114,21.11184933590815,11.921985507336368
34,CA-501,San Francisco,2011,857.9197591253583,694.9910137870329,97742.90358884582,8200.0,815694,50750.894330471965,49249.105669528035,54434.1382920556,6186.143333161701,856.571214205327,34031.38922193862,472.4811019818706,4019.2768366568835,84794.5430516836,15205.456948316403,23.783428589642686,12.627284251202044
35,CA-501,San Francisco,2012,915.3605166937487,711.12944727328,97796.52409094253,6900.0,828963,50828.685960652045,49171.314039347955,54402.42809389563,6008.229559099743,844.7904188727362,34189.34258826992,467.21023736885724,4087.999102493115,84729.11336211629,15270.886637883717,16.40603983531231,8.80618314689558
36,CA-501,San Francisco,2013,790.4060402884381,834.5887494864206,97896.25995153002,5500.0,839695,50913.36735362244,49086.632646377555,54194.79692031035,5902.857585194624,827.0860252829897,34449.53227064589,461.83435652230867,4163.892842043837,84735.76715354981,15264.232846450199,15.481811848349697,8.574541946778295
37,CA-501,San Francisco,2014,804.1902980075636,753.0690383797264,98368.58545711807,4400.0,850918,50990.69475554636,49009.30524445364,53994.50945919584,5773.294253970418,801.6048549919028,34728.845787725724,461.6190984325164,4240.126545683603,84781.61232927261,15218.38767072738,19.273302480380014,8.343929732359639
38,CA-501,San Francisco,2015,816.8092887584754,784.8366091814878,98448.28245313858,3700.0,863237,51026.890645326836,48973.109354673164,53778.27873457695,5659.395971210687,784.6049230975966,35013.79111414362,450.97696229424827,4312.952294676897,84810.31281096618,15189.687189033835,22.705236221338982,11.352618110669491
39,CA-501,San Francisco,2016,872.1020310027164,802.8985141327813,98225.8421769613,3300.0,871343,51005.74630197293,48994.25369802707,53480.20240020291,5583.679446555489,763.533992928158,35328.68227552181,446.7815774040762,4397.120307387561,84813.55792150738,15186.442078492626,21.34635843749247,13.0832519455599
40,CA-501,San Francisco,2017,940.6578678953493,781.5642910136062,98999.28316719299,2900.0,877471,51043.738197615654,48956.26180238435,53131.78441224839,5563.488707888921,758.9994427166254,35603.11394906499,451.6388575804785,4490.974630500609,84824.45573699872,15175.544263001284,20.96935397295181,11.51035190906594
41,CA-501,San Francisco,2018,1086.3090501502827,779.4915400670246,98642.5684001837,2400.0,879676,51022.08085704282,48977.91914295718,52888.33616013169,5542.836226065051,746.7522133149023,35774.64884798494,451.5298814563544,4595.896671047067,84816.11411474225,15183.885885257752,26.94173763976737,8.866900995366477
42,CA-501,San Francisco,2019,1228.5708433751392,914.2879250272523,98475.01098055816,2200.0,878826,50994.394794874075,49005.60520512593,52566.37832745048,5527.715383932656,742.5815804266146,36035.00579181772,455.60782225377943,4672.711094118745,84831.12698076753,15168.873019232477,45.74284329321163,10.240935065644393
43,CA-501,San Francisco,2020,1159.811956067694,937.4502369011984,98008.55290639575,8000.0,866606,50961.79809509742,49038.20190490258,52061.37506548535,5546.811353717837,733.5513485944016,36489.4773403369,454.8779953058252,4713.9068965596825,84772.20328499918,15227.796715000819,63.11980300159472,8.885237351229971
44,CA-501,San Francisco,2021,1262.5107182155075,490.67653253614753,97935.60115848729,5000.0,815201,51141.62028751191,48858.37971248809,51051.33580552527,5662.897861999679,763.1246772268435,37248.23693788403,468.2280811726188,4806.176636191565,84294.67088484926,15705.329115150744,67.95869975625642,9.322854118186804
45,CA-600,Los Angeles City & County,2007,70.57227540938341,491.66379121454264,99822.47015085517,5100.0,9734701,49556.96122561957,50443.03877438043,74032.24813992745,9501.76076286267,977.4516957428893,13282.27749367957,343.89345908004776,1862.3684487073615,52827.169524775345,47172.83047522466,7.755759524612004,7.05722754093834
46,CA-600,Los Angeles City & County,2008,82.59321212027011,489.42383539685136,99249.09405155036,7500.0,9779254,49577.92281497137,50422.07718502863,74032.34438945955,9399.827430599513,977.1604255293911,13365.907051805792,344.86270629641075,1879.89799630933,52432.81338228867,47567.18661771133,7.2295903143532225,8.282840388438627
47,CA-600,Los Angeles City & County,2009,166.9880344365984,337.56054902863127,98398.66141498013,11700.0,9848011,49611.97748459054,50388.02251540946,74038.0062532424,9340.708494334542,984.4221335658541,13395.547588238886,343.2063591318084,1898.109171486506,51976.16046529599,48023.83953470401,7.818837732817317,7.9914614230223755
48,CA-600,Los Angeles City & County,2010,173.22216343360384,338.5715180516988,98540.9536283413,12600.0,9818605,49290.6477040272,50709.3522959728,71870.80038355754,9376.566223002148,1487.0238694804405,14193.23824514786,371.1627059037409,2701.2085729082696,52255.04030358692,47744.95969641308,7.129322342634214,8.239459678844398
49,CA-600,Los Angeles City & County,2011,173.33927504380324,350.6486929924952,98604.36310602915,12200.0,9873700,49255.99319404074,50744.00680595926,71715.95247982013,9319.677527168134,1479.3339882718737,14343.761710402383,370.8741403931657,2770.4001539443166,52063.70458895855,47936.29541104145,6.927494252407912,7.879518316335314
50,CA-600,Los Angeles City & County,2012,209.4570006989955,317.70967902391146,98782.04409169548,11000.0,9931394,49252.68295669268,50747.31704330732,71546.05889163192,9291.203228872,1478.0402428903737,14485.881840958076,371.58932572809016,2827.2264699195302,51982.86363424913,48017.13636575087,6.867112512100517,7.743122465990172
51,CA-600,Los Angeles City & County,2013,118.82222315007756,355.6956817378744,98715.77477906947,9800.0,9987189,49262.510201819554,50737.489798180446,71348.60469747793,9260.223272033803,1470.523888153113,14660.391427457716,371.51594908236945,2888.7407657950603,51931.20907194207,48068.79092805793,8.160454358078134,7.990236291713313
52,CA-600,Los Angeles City & County,2014,146.99830536837334,342.783423725979,99254.84247739735,8200.0,10033449,49267.7542886798,50732.2457113202,71152.21296286053,9210.182859353748,1464.820322503259,14851.742406823418,370.16184564251034,2950.879602816539,51891.74729447471,48108.25270552529,7.325496945267774,8.152729933644952
53,CA-600,Los Angeles City & County,2015,169.41107917893976,408.5831639007536,99348.35480626038,6700.0,10077263,49277.79497270241,50722.2050272976,70950.128025834,9141.926731494454,1457.4890027182976,15071.622125968132,369.59440276590976,3009.239711219207,51868.954893803995,48131.045106196,7.2638771063134895,8.166900079912573
54,CA-600,Los Angeles City & County,2016,205.12409031720583,434.4188852451221,98881.44120798049,5300.0,10094865,49283.38318541159,50716.61681458841,70805.572932377,9079.59640866916,1454.4325258435847,15230.931765803703,368.949956240128,3060.516411066418,51797.98838320274,48202.01161679725,8.132847739915293,8.35078032247088
55,CA-600,Los Angeles City & County,2017,204.46149143436648,519.6205250206468,99154.86607945709,4800.0,10092365,49298.752076445904,50701.247923554096,70618.67064855463,9037.970782864075,1453.2074493936752,15407.746350830554,366.40569380913195,3115.9990745479377,51763.744176909975,48236.25582309003,9.086076454825008,8.82845596646574
56,CA-600,Los Angeles City & County,2018,221.4672455976639,496.4949178221649,98904.7891608565,4600.0,10061533,49301.60244964659,50698.39755035342,70492.14071056567,9007.752595951331,1450.196505840611,15511.006126004853,365.27236952857976,3173.631692108946,51707.82623284146,48292.17376715854,9.819577195642056,9.41208461970954
57,CA-600,Los Angeles City & County,2019,219.37548056744563,561.9180626636976,98632.88612551717,4400.0,10011602,49296.96566044076,50703.034339559235,70358.41017251785,8995.843022924802,1460.4056373795122,15596.12537533953,366.5547232101316,3222.661068628178,51641.57544416968,48358.42455583032,12.655317300867534,8.639975899960866
58,CA-600,Los Angeles City & County,2020,248.54556641898265,640.7090945772553,98347.9006332667,12300.0,9943046,49294.894140085446,50705.105859914554,70211.98534131292,9003.961160392902,1474.2967094791677,15670.590279880029,366.9197547713246,3272.246754163664,51501.521767072176,48498.47823292782,20.325763352598386,8.57886003946879
59,CA-600,Los Angeles City & County,2021,268.5882478373361,175.23702015068042,98387.94149555666,8900.0,9829544,49552.675078314925,50447.324921685075,70208.67905978141,8966.397627397568,1490.150509525162,15646.87029225364,368.3080313796856,3319.5944796625354,50913.39944152038,49086.60055847962,23.622662455145427,8.443931885344833
60,CA-601,San Diego City and County,2007,25.473374610506053,246.1978131880836,96781.21395752735,4500.0,2975656,50085.930631766576,49914.069368233424,79722.35365915953,5571.141287837035,1020.1448016840656,10176.478732756743,543.6448299131351,2966.2366886494947,69672.97295117447,30327.027048825537,11.99735453291644,12.165384708447482
61,CA-601,San Diego City and County,2008,22.687573237804852,280.03420689874457,96158.01679476589,6100.0,3019274,50180.60633119088,49819.39366880913,79550.11701488504,5570.34571887149,1030.512633169431,10284.260388424502,543.7399851752441,3021.0242594742977,69174.11271716312,30825.887282836866,11.95651669904752,12.08899887853835
62,CA-601,San Diego City and County,2009,25.24729082816026,261.80556442430776,97363.08256650009,9800.0,3053793,50170.68936892579,49829.31063107421,79382.68900347862,5561.9683455951335,1042.1466026020755,10396.742673783063,541.3922947626116,3075.061079778492,68653.86750182479,31346.132498175222,12.050587580756128,12.050587580756128
63,CA-601,San Diego City and County,2010,27.3639531769485,270.82883055768514,97363.49764951073,11000.0,3095313,50194.568368368564,49805.431631631436,77204.79318246653,5576.9158078682185,1335.6645999936031,11296.466625507663,594.608687392842,3991.5510967711502,67972.60890901825,32027.39109098175,11.856636146328336,11.468953220562833
64,CA-601,San Diego City and County,2011,52.402815726964754,300.77431216523075,97162.78915580467,10500.0,3137236,50155.13655969778,49844.86344030223,76948.78549143259,5556.1328507004255,1321.5454623114103,11479.181037065748,594.4404565037504,4099.914701986079,67637.97814381831,32362.021856181684,13.228204699933316,12.303824130540386
65,CA-601,San Diego City and County,2012,76.24841424714691,315.35537870990584,97195.6582811258,9300.0,3175148,50235.13864550566,49764.861354494344,76744.86354651814,5564.496521107048,1319.9069775645105,11602.829222448843,590.4291705457509,4177.474561815701,67443.81679216212,32556.18320783787,13.353708236592436,12.88128931312808
66,CA-601,San Diego City and County,2013,77.95594103378984,276.53647640392325,97212.55342925164,7900.0,3210788,50220.973792103374,49779.026207896626,76505.4559815223,5541.256538893256,1317.3090219597182,11778.853041683225,597.9840462839652,4259.141369657542,67215.15092245268,32784.84907754732,13.330061031746723,13.423496038978593
67,CA-601,San Diego City and County,2014,101.43701410793133,261.77889623849023,97524.39520180765,6500.0,3249307,50283.15268455704,49716.84731544295,76250.81286563566,5531.948812469859,1320.8354889211762,11958.42682762817,595.9424578840965,4342.033547461043,67031.40084947344,32968.599150526556,12.895057315298308,12.956608901528847
68,CA-601,San Diego City and County,2015,106.71096446777868,266.4573697164585,97635.56422546158,5200.0,3280825,50349.86626839286,49650.133731607144,75991.31316056175,5531.565993309609,1320.9482371049965,12131.095075171641,595.7952649105026,4429.282268941501,66821.21112829851,33178.78887170147,12.771177981148034,12.527336874109407
69,CA-601,San Diego City and County,2016,122.16144067001828,262.26288488568315,97476.90337992087,4700.0,3305462,50365.48597442657,49634.51402557343,75781.0254663342,5532.237248529857,1318.6356400406357,12270.327113123672,594.5613654006611,4503.213166570967,66554.87190595445,33445.128094045554,13.129783370675568,12.554977186245068
70,CA-601,San Diego City and County,2017,141.48759015841728,275.98516308583953,97730.65475069592,4000.0,3319019,50359.88043455008,49640.11956544992,75535.72305551732,5540.161113871298,1319.9683400426452,12422.254889170566,595.2963812500019,4586.596220148182,66317.18589137332,33682.81410862668,14.552492769700926,13.015894154266668
71,CA-601,San Diego City and County,2018,157.84026505161467,257.345648875028,97411.1795919139,3400.0,3332483,50394.915743006044,49605.084256993956,75299.76897106452,5550.155844755997,1320.0067337177713,12558.593697252169,596.1620809468495,4675.312672262694,66151.15515968124,33848.844840318765,14.433682032286436,13.443429418844747
72,CA-601,San Diego City and County,2019,150.69994856564816,243.26977152398516,97251.39988211835,3300.0,3330459,50355.101203768005,49644.89879623199,75080.94229654231,5543.229927166195,1331.1978919422218,12684.617946054883,597.7254186284833,4762.286519665908,65905.90065813751,34094.099341862486,14.502505510501706,12.82105559624064
73,CA-601,San Diego City and County,2020,175.24764983599042,229.20232011083814,96909.00955969928,9500.0,3332427,50408.93618975,49591.06381025001,74839.44884614127,5548.868737409702,1339.8343009464272,12834.429681430382,599.5330130262419,4837.885421045982,65659.38278617957,34340.61721382044,22.806201006053545,12.12329632427057
74,CA-601,San Diego City and County,2021,223.5497793868601,126.07769343857356,96977.11764421259,6500.0,3286069,50667.286657705605,49332.713342294395,74641.31154884453,5571.124647717379,1352.8017823119355,12899.607403252943,603.0305510931146,4932.124066780095,65150.36659303258,34849.63340696741,29.82286738349073,10.86404454684305
75,CA-609,San Bernardino City & County,2007,13.095907704457977,349.6757884765044,98252.17299242495,5500.0,1992989,50222.856222487935,49777.143777512065,80396.98161906563,9443.90561111978,1454.0973382191273,5832.947397100536,387.3077071674756,2484.7603273274467,53132.70670334859,46867.29329665141,3.4621365195693503,8.078318545661817
76,CA-609,San Bernardino City & County,2008,6.0850490345221795,347.5959567343038,98010.38847551565,8100.0,2004914,50225.64558878835,49774.35441121165,80281.34872617979,9434.569263320021,1464.850861433458,5906.986534085751,388.79473134508515,2523.4498836359066,52418.607481418156,47581.392518581844,5.436642170187849,10.125122573836085
77,CA-609,San Bernardino City & County,2009,7.781241063343764,100.41270314862716,97481.65336999604,13200.0,2017673,50232.86726838293,49767.132731617065,80122.44798835095,9457.677235111933,1476.3046341007687,5975.745326423063,396.0007394657112,2571.8240765475875,51923.32949888312,48076.67050111688,6.7900001635547484,11.944452842457624
78,CA-609,San Bernardino City & County,2010,9.532185867797427,99.54746684617312,98289.02177170906,13900.0,2035210,49700.37489988748,50299.62510011252,77908.61876661377,9667.50359913719,2014.5832616781563,6760.285179416375,447.7670608929791,3201.2421322615355,50808.761749401776,49191.23825059822,6.584087145798223,10.514885441797162
79,CA-609,San Bernardino City & County,2011,15.675076531256005,137.09625758761058,98213.57510157255,13100.0,2060596,49699.844122768365,50300.155877231635,77708.05145695711,9656.283910092032,2021.3569278014709,6899.1689782956,448.65660226458755,3266.4821245891962,50042.31785366951,49957.68214633048,5.3867910060972655,9.705929740715794
80,CA-609,San Bernardino City & County,2012,19.3431248456409,122.13663867621635,98417.14389355396,11600.0,2073088,49752.10893121759,50247.89106878241,77634.7651426278,9633.599731415165,2015.158063719437,6951.7068257594465,455.21463632995807,3309.5556001481846,49483.23467214127,50516.765327858724,6.126126821437392,10.805137070881699
81,CA-609,San Bernardino City & County,2013,21.804898033284648,111.47393906443538,98339.41773237706,9900.0,2082101,49724.34094215411,50275.6590578459,77484.37755901371,9577.873503734929,2030.1608807641896,7073.047849263797,456.8942620939138,3377.6459451294627,48942.006175492934,51057.99382450707,6.00355122061802,9.749767182283664
82,CA-609,San Bernardino City & County,2014,32.59710267038896,110.32498930109715,98700.59561197247,8100.0,2098346,49757.95221569751,50242.04778430249,77292.40077661167,9577.495799072221,2036.222815493727,7210.155045926648,458.88523627657213,3424.8403266191567,48417.32488350348,51582.67511649651,5.909416273579286,9.293033656031941
83,CA-609,San Bernardino City & County,2015,51.410550371934285,101.63870538112859,98748.0324941164,6500.0,2114352,49766.83163446768,50233.16836553232,77080.02262631766,9550.869486253945,2045.3074984676155,7384.295519383717,463.30979893603336,3476.1950706410285,47869.323556342555,52130.676443657445,4.824173079979114,10.12130430505422
84,CA-609,San Bernardino City & County,2016,51.5317314380169,88.56136359156456,98631.49931056362,5800.0,2130726,49762.006001710215,50237.993998289785,76864.08294637602,9508.683894597429,2066.760343657514,7559.582977820705,470.07451920143654,3530.815318346892,47329.032451849744,52670.96754815026,4.4116418535278585,10.747510472956167
85,CA-609,San Bernardino City & County,2017,65.58606263608527,86.79687438222348,98525.10434463476,5000.0,2149847,49774.33277810002,50225.667221899974,76582.38004844065,9480.581641391225,2082.5202909788463,7780.925805417781,483.1971763572012,3590.39503741429,46793.422973820925,53206.57702617907,9.163442793836026,10.55889093502933
86,CA-609,San Bernardino City & County,2018,62.29142876404847,97.8007754798033,98517.9811666552,4100.0,2165627,49785.76643161542,50214.23356838458,76299.38119537667,9471.66802039317,2099.0687685367793,8003.8713961360845,486.8797812365657,3639.130838320726,46232.753839881014,53767.246160118986,12.83692898176833,10.943712836975157
87,CA-609,San Bernardino City & County,2019,70.17933852299132,119.73660702188373,98273.99244653533,3900.0,2177279,49784.75427356807,50215.24572643193,76073.62216785263,9447.34230202009,2122.5575592287437,8192.335479284005,490.5664363639203,3673.576055250613,45664.33608187099,54335.66391812901,11.574079389917415,10.839217206430595
88,CA-609,San Bernardino City & County,2020,73.22366380517298,142.74731714982255,98093.1242385858,9700.0,2189183,49816.66676563814,50183.33323436186,75821.39090245083,9441.056321011081,2148.655457309873,8368.829832864589,496.9433802473343,3723.1241061163005,45111.03000525767,54888.96999474233,23.661795290754586,11.05435224008226
89,CA-609,San Bernardino City & County,2021,72.67474973914548,41.23551630967189,98178.84823051792,7400.0,2194710,50052.53541470171,49947.46458529829,75632.8170920076,9403.246898223455,2182.9763385595365,8527.27695230805,500.8406577634403,3752.8420611379183,44198.32232960163,55801.67767039836,25.470335488515566,10.753129115008361
90,CO-503,Metropolitan Denver,2007,66.9139622428401,323.16359999346093,98945.76142218735,25400.0,2691516,50137.24607247365,49862.75392752634,87955.26387359391,5422.631706443506,1022.026248404245,3547.7032274747767,146.497364310671,1905.8775797728863,78833.86166012018,21166.13833987983,17.016432374914363,16.533433202700635
91,CO-503,Metropolitan Denver,2008,72.8496519344841,308.8009733674633,98591.17292308409,33300.00000000001,2746753,50166.14162249027,49833.858377509736,87830.64949778885,5460.410892424619,1026.3390992928742,3586.562024324721,151.23311051266714,1944.805375656275,78575.97679878752,21424.023201212487,16.63782655375274,15.254374892828004
92,CO-503,Metropolitan Denver,2009,70.00276298513771,312.4243659591663,98597.23173163489,54100.0,2801318,50187.73305993821,49812.26694006178,87688.1882028388,5499.589835927231,1031.1931740702055,3643.0351713015093,154.99846857800506,1982.9951472842426,78286.64935576753,21713.350644232465,16.777816727697463,16.70642176289875
93,CO-503,Metropolitan Denver,2010,80.88418046223225,314.3420725601495,98966.71536957462,60300.0,2784228,49736.98274710261,50263.01725289739,86323.03101613805,5523.613727036723,1390.547038532764,3930.1379053726923,150.70604849890168,2681.9642644208734,78173.69841837666,21826.301581623346,13.576474340463497,15.875136662658374
94,CO-503,Metropolitan Denver,2011,78.6417885830792,168.7587511361124,98379.43873415145,56800.0,2849630,49708.59374725842,50291.40625274159,86160.06288535705,5516.014359758986,1382.7409172418875,4032.8393510736487,156.86246986450874,2751.480016703923,77987.17728266476,22012.822717335235,16.80919979085004,16.703922965437616
95,CO-503,Metropolitan Denver,2012,77.12361316201644,219.10274016269017,98277.6760222411,51800.0,2901835,49726.12157479664,50273.878425203366,85996.61938049544,5541.907103608579,1370.2708803222788,4113.914126750832,163.6895274886408,2813.598981334225,77964.70164568283,22035.298354317183,15.679733685754014,18.884602329215824
96,CO-503,Metropolitan Denver,2013,66.45925067110313,213.61660419271627,98395.50796344166,43500.0,2956699,49747.97908072482,50252.02091927518,85801.26012150713,5578.518476179009,1374.235253571635,4191.295765987677,169.58100909155786,2885.1093736629937,77928.32479735001,22071.67520264998,16.335785279461994,16.50489278753096
97,CO-503,Metropolitan Denver,2014,66.62521540327178,219.7934983483121,98495.07348525565,32200.000000000004,3012373,49800.5725054633,50199.4274945367,85611.50959725106,5623.506783522493,1368.7216025372688,4287.3508692316655,172.58818878007472,2936.322958677428,77874.71870183406,22125.28129816593,16.266245913105713,17.12935283910724
98,CO-503,Metropolitan Denver,2015,69.20518704091427,173.4192920917227,98564.27679604363,24100.0,3076359,49871.4551845217,50128.54481547829,85388.21379429384,5645.732503911279,1373.7668458070077,4414.244241325541,177.15747739454335,3000.8851372677896,77820.76149110035,22179.23850889964,14.757705456352785,17.098134515510054
99,CO-503,Metropolitan Denver,2016,84.48431739842106,183.44434043144648,98359.85771534294,20100.0,3122473,49930.263608364265,50069.736391635735,85182.67411759845,5677.10273235349,1377.75410708115,4521.320120302081,182.48356350879575,3058.665359156028,77748.21431602452,22251.78568397549,15.852819223737084,17.742347171616856
100,CO-503,Metropolitan Denver,2017,151.32641817842645,174.38326883432734,98302.787756939,17100.0,3157413,49987.60060847282,50012.39939152717,84985.11281229285,5697.00574489305,1391.6773003721719,4614.442266501089,188.03368453857635,3123.728191402265,77633.14460287584,22366.855397124164,16.374164545468076,18.306125932844388
101,CO-503,Metropolitan Denver,2018,111.1946121411887,166.213593689823,98572.8513837274,19800.0,3198896,50017.443518013715,49982.556481986285,84752.30204420525,5750.108787531699,1398.0760862497561,4722.441742401128,192.50391385027834,3184.5674257618875,77517.86866468932,22482.13133531068,16.818302314298432,19.97564159635074
102,CO-503,Metropolitan Denver,2019,116.77044713698744,178.20576061346134,98660.03512093374,16900.0,3229413,50049.962640269296,49950.0373597307,84591.16254254256,5788.946783827278,1411.1233217925362,4766.7486320269345,197.99263829061195,3244.026081520078,77428.31282341403,22571.68717658596,17.092889636599594,19.198535461398095
103,CO-503,Metropolitan Denver,2020,141.87825310404745,187.45126773746873,98559.84360225813,47100.0,3256313,50077.649169474804,49922.350830525196,84416.45505207885,5832.148199512762,1415.865121074049,4825.457503624498,203.69663481366808,3306.377488896184,77327.11812408696,22672.881875913034,25.642498125947963,18.702133363715344
104,CO-503,Metropolitan Denver,2021,171.25537717824685,170.57677157703625,98639.2106953178,35900.0,3241942,50368.54453287567,49631.45546712434,84249.99583582926,5872.005112984748,1426.4598194538953,4867.051909010093,213.45230728988983,3371.0350154321086,77052.79736651674,22947.202633483263,31.771080420315972,21.684533529594297
105,DC-500,District of Columbia,2007,620.5566422070602,907.2166354882002,95420.77287354048,6000.0,586409,47151.90251172816,52848.09748827184,38831.94152886466,56151.59385343677,373.45947964645836,3051.4538487642585,91.23325187710284,1500.3180374107492,91686.17807707589,8313.821922924102,10.402296008417334,6.139059939393837
106,DC-500,District of Columbia,2008,528.0693607920363,1024.2783108559265,95220.09103942895,6800.0,590074,47197.978558621464,52802.02144137854,39591.81390808611,55242.562797208484,382.15545846792094,3135.3694621352574,96.59805380342127,1551.50032029881,91445.14077895315,8554.859221046852,9.490335110511563,7.287221602714236
107,DC-500,District of Columbia,2009,648.5374138882728,1038.5937294153157,95073.35026523496,10000.0,599657,47204.15170672568,52795.84829327431,40626.05789643079,54019.38107951712,392.22422151329846,3241.3529734498225,98.38957937621005,1622.5942497127523,91157.4450060618,8842.554993938202,4.335811972510952,4.836097969339139
108,DC-500,District of Columbia,2010,803.0273065845913,1086.7126568204972,94886.51755043434,10000.0,601723,47234.69104554753,52765.30895445246,41757.58613182478,51581.70786225556,542.4422865670748,3607.141492015429,127.96585804431606,2383.1563692928476,90901.29511419707,9098.704885802936,12.962775230463187,6.8137664672947515
109,DC-500,District of Columbia,2011,897.3222202518177,1055.3128375437295,94243.49900852826,10200.0,620290,47348.01463831434,52651.98536168566,42507.375582388886,50659.53021973593,550.2265069564237,3689.2421286817453,138.96725725064084,2454.6583049863775,90379.33869641619,9620.661303583807,13.864482741943284,5.9649518773476915
110,DC-500,District of Columbia,2012,1014.8850861283834,1093.848556871788,94087.80675027566,9000.0,635737,47350.24074420712,52649.75925579288,43044.84401568573,49971.29316053651,555.2610592115922,3763.977871352462,151.0058404654755,2513.618052748228,90098.2639047279,9901.736095272101,12.111926787335015,5.820016767940202
111,DC-500,District of Columbia,2013,955.247337539655,1053.6267628871676,93895.25737500365,8400.0,651559,47445.74167496727,52554.25832503273,43304.13669368392,49514.47221203298,591.0439422983951,3852.9127830326956,155.16630113312837,2582.2680678188776,89781.73887552778,10218.261124472228,15.654760351710282,5.8321656212254
112,DC-500,District of Columbia,2014,966.5417425780172,1167.5655474734142,94080.7983086273,7700.0,663603,47500.53872571402,52499.46127428598,43676.26427246411,49020.57404803776,597.6464844191482,3927.3481283237115,158.37782529614844,2619.7892414591256,89553.99538579542,10446.004614204576,14.466480712112514,7.836010385727611
113,DC-500,District of Columbia,2015,838.8305116290061,1077.9688455482456,94240.88718992517,6900.0,677014,47438.605405501214,52561.394594498786,44131.43598212149,48375.07053029922,597.771981081632,4074.509537468945,159.67173500104872,2661.540234027657,89315.1397164608,10684.860283539188,18.46342911668001,5.022052719736963
114,DC-500,District of Columbia,2016,1289.021140935693,1214.411206906582,94193.51460783971,6200.0,687576,47487.25959021257,52512.74040978743,44523.07817608526,47789.33528802634,607.496480389077,4203.60803751149,161.58213782912725,2714.899880158702,89178.06904254948,10821.930957450522,39.12294786321803,5.817538715720153
115,DC-500,District of Columbia,2017,1160.1267575124198,1072.0449188685932,94772.61544243908,6100.0,697079,47446.989509080035,52553.01049091997,44960.1838529062,47169.546062928304,609.113170817081,4324.473983580053,159.23589722255298,2777.447032545809,89050.3085016189,10949.691498381102,44.47128661170398,6.7424208733873785
116,DC-500,District of Columbia,2018,1414.335358952037,980.4770878807977,95012.68911179058,5600.0,704147,47479.57457746749,52520.42542253251,45353.4560255174,46657.303091541966,605.5553740909213,4394.678951980197,161.61398117154516,2827.392575697972,88891.95011837017,11108.049881629831,36.07201337220779,7.668853236611105
117,DC-500,District of Columbia,2019,1391.1695396983846,920.7161847531885,95027.62430939227,5400.0,708253,47420.9075005683,52579.0924994317,45821.05547029099,46031.43227067164,609.6691436534685,4475.378148768872,155.31173182464457,2907.153234790393,88727.47450416729,11272.525495832704,43.91086236133133,6.212469272985783
118,DC-500,District of Columbia,2020,2141.7869408094098,895.0416376736773,95457.874121793,8000.0,712816,47408.02675585284,52591.973244147164,46254.012255617155,45479.6188637741,594.8239096765504,4553.769836816233,152.77434849947252,2965.000785616485,88620.48551098742,11379.514489012592,59.48239096765505,5.330969001818141
119,DC-500,District of Columbia,2021,2485.4861577494216,762.7788970972316,95142.3028132229,6600.0,670050,47594.06014476532,52405.93985523468,45858.368778449374,45806.28311320051,606.9696291321544,4528.318782180434,158.64487724796655,3041.414819789568,88520.40892470711,11479.591075292888,67.1591672263264,6.865159316468921
120,FL-501,Tampa/Hillsborough County,2007,37.182347360053335,554.1451906556915,98730.8425434435,3400.0,1169910,49291.82586694703,50708.17413305298,77966.93762768076,16562.214187416128,553.2049473891154,3123.659084886872,132.0614406236377,1661.9227120034875,77615.8849826055,22384.115017394503,22.05297843423853,13.41983571385833
121,FL-501,Tampa/Hillsborough County,2008,37.28440715250509,549.3518444765693,98475.06774746254,5900.0,1180118,49305.74739136256,50694.25260863745,77645.20158153676,16718.073955316333,568.2482599197707,3218.491710151019,134.73228948291612,1715.2522035932,77096.01921163815,22903.98078836184,20.845373089809662,13.896915393206443
122,FL-501,Tampa/Hillsborough County,2009,40.82599009300462,625.1898032070153,98433.55360962824,9800.0,1195317,49323.73587926885,50676.26412073115,77338.22910575186,16902.043558319678,579.7625232469713,3279.883077041488,139.0426138003559,1761.039121839646,76613.31680215374,23386.68319784626,22.839129703668565,15.05876683758367
123,FL-501,Tampa/Hillsborough County,2010,55.48206757748372,607.9435352001991,98676.4842266597,10400.0,1229226,48736.68471054143,51263.315289458566,76287.43615901389,17280.79295426553,488.76284751542835,3554.838573215991,119.99420773722652,2268.1752582519407,75054.6278715224,24945.372128477593,21.39557737958683,11.796040760608708
124,FL-501,Tampa/Hillsborough County,2011,58.695214149926855,584.2443568573451,99308.63886833716,9600.0,1255639,48952.68464901138,51047.31535098862,75840.03045461315,17529.40136456418,515.9922557359241,3656.7038774679663,119.30180569415253,2338.5702419246295,74667.48006393558,25332.519936064426,19.51197756680065,13.140719585804518
125,FL-501,Tampa/Hillsborough County,2012,69.61693496403126,579.6723237914117,98218.47841289015,8100.0,1279861,48829.59946431683,51170.40053568317,75797.29361235321,17408.53108267226,515.8372667031811,3762.205426995588,125.63864357145033,2390.4939677043053,74175.63313516077,25824.366864839227,14.845362113542016,12.970158478147237
126,FL-501,Tampa/Hillsborough County,2013,90.15127936624263,146.34251046782074,97324.82211220768,6900.0,1304474,48754.59380562587,51245.40619437413,75560.8774111251,17433.5402622053,511.93047925830643,3899.426128845803,132.62050450986376,2461.605214055627,73676.28638056411,26323.71361943588,12.80209494401575,12.725435692853976
127,FL-501,Tampa/Hillsborough County,2014,106.84738681605293,145.86469099045425,97156.83905812228,6000.0,1332742,48751.07110003287,51248.92889996714,75311.80078364754,17547.657386050712,517.4294799743686,3977.6640940257007,135.43506545152775,2510.013190850142,73206.14192394327,26793.85807605673,12.230424193129654,14.256322679108186
128,FL-501,Tampa/Hillsborough County,2015,110.87132550956476,141.50200235226012,97219.13024999177,5100.0,1364645,48800.53054090991,51199.4694590901,75043.83924024197,17636.23506479707,516.3980375848664,4067.284898270246,135.63967185605046,2600.6030872497977,72661.31484745117,27338.68515254883,12.8971270916612,14.582547109321471
129,FL-501,Tampa/Hillsborough County,2016,110.07851409026439,129.96274210656944,96851.49700341823,4500.0,1398093,48830.585662041085,51169.414337958915,74770.4909473118,17707.119626519838,516.5607724235798,4196.215845440896,135.39871811102694,2674.2140901928556,72020.38777105672,27979.612228943286,16.23640201331385,11.730264009618816
130,FL-501,Tampa/Hillsborough County,2017,113.71906841339155,108.4005150599037,97072.69622662636,4000.0,1428960,48904.02810435562,51095.97189564439,74454.63833837197,17809.945694771024,524.5773149703281,4333.991154406001,131.9141193595342,2744.9333781211512,71385.48314858359,28614.516851416414,16.515507781883326,13.506326279252043
131,FL-501,Tampa/Hillsborough County,2018,116.53546120489148,123.33794390494114,97210.56982130084,3500.0,1455351,48937.06054415739,51062.939455842614,74187.25791922362,17899.25591833173,527.0893413341523,4440.784388096067,131.17110580196805,2814.4413272124734,70793.91844304226,29206.081556957735,18.62093749205518,14.841780436472025
132,FL-501,Tampa/Hillsborough County,2019,113.04287162759384,111.75598453297174,98095.00071456099,3200.0,1476431,48948.85030184276,51051.14969815725,73857.8369053481,18070.197659084643,530.7393301820404,4523.34040669696,133.70079604126437,2884.1849026469913,70469.8018397067,29530.1981602933,18.964651920746718,14.900797937729564
133,FL-501,Tampa/Hillsborough County,2020,107.21269035092462,96.93202141316473,98424.52086408355,7700.0,1497957,48965.02369560675,51034.976304393254,73553.64673351771,18261.4721250343,537.3318459742169,4566.486220899532,136.0519694490563,2945.0111051251806,70056.81738527874,29943.18261472125,32.91149211893265,12.550427014927664
134,FL-501,Tampa/Hillsborough County,2021,117.30530634003384,58.8556035270066,98490.25229435379,4300.0,1478194,49231.224047723095,50768.775952276905,73269.34083077052,18420.112650978153,544.7187581602956,4586.813368204715,140.8475477508365,3038.1668441354786,69698.09104894215,30301.90895105784,36.192813663159235,14.138874870280898
135,GA-500,Atlanta,2007,109.60950352748816,690.3581990129089,97352.71853773252,5200.0,990790,49202.95925473612,50797.040745263876,51056.02599945498,43007.297207279036,385.5509240101333,4179.089413498319,99.11282915653166,1272.9236266009952,91906.05476437994,8093.945235620061,10.193885687178918,7.97343533947658
136,GA-500,Atlanta,2008,170.818547479859,674.9849016535156,97348.21721093082,7000.0,1013356,49230.2803753074,50769.71962469261,50799.12686163599,43085.64808418759,404.49753097628076,4274.509649126269,107.66206545379906,1328.5558086200704,91626.63466738244,8373.36533261756,11.447112367223365,6.907740221600306
137,GA-500,Atlanta,2009,191.3410901605408,678.9803396546187,97065.26491744666,10600.0,1033756,49254.27276842891,50745.727231571094,50607.20324718793,43110.753407960874,422.2466423411327,4369.889993383352,115.21093952538122,1374.6957696013374,91310.4252841096,8689.574715890403,7.835504703237515,8.706116336930572
138,GA-500,Atlanta,2010,224.42348907917935,762.453276789332,97536.33846451317,10600.0,920581,48693.92264233131,51306.07735766869,47463.28677215802,44618.34428475061,356.29672999985877,5716.933110720295,55.182542329246424,1789.9565600419735,92117.36935696044,7882.630643039559,11.948975701214776,10.862705182922523
139,GA-500,Atlanta,2011,273.01067348261154,718.143654058435,97210.05675498268,10100.0,947582,48681.38060874942,51318.61939125058,46939.78990736422,44927.193636012504,331.26420721372926,5900.069862027772,50.97184201472802,1850.71054536705,92348.94710959052,7651.0528904094845,10.34211287255351,11.080835220593046
140,GA-500,Atlanta,2012,156.4515996482664,699.6663461617482,97379.35866143997,9000.0,973464,48665.590098863446,51334.409901136554,46715.851844546894,44855.07425030612,331.39386767255905,6140.750967678311,56.19108667603527,1900.7379831200742,92488.8850537873,7511.1149462127005,9.758963865124956,11.402578831882844
141,GA-500,Atlanta,2013,179.6619422230008,563.8370250263789,97043.31849051376,8000.0,981844,48578.694782470535,51421.305217529465,46517.674905585816,44737.35135113114,314.102851369464,6415.988690667764,58.155878123204914,1956.726323122614,92614.50902587376,7385.490974126235,12.629297525879876,12.629297525879876
142,GA-500,Atlanta,2014,168.99773359628588,483.4121216823991,97323.84984294396,7100.0,992321,48525.124430501826,51474.87556949818,46314.65019887718,44722.12116845255,309.07337444234275,6614.291141676937,56.836447077105085,1983.02766947389,92723.62471418019,7276.3752858198095,14.108337926940978,10.581253445205736
143,GA-500,Atlanta,2015,223.41491739514314,429.23106292604933,97378.18070458721,6100.0,1005752,48396.22491429299,51603.77508570701,46081.34013156325,44728.22325980957,294.2077172106046,6833.990884432743,56.475154908963646,2005.7628520748654,92814.03367828252,7185.966321717481,14.516501085754738,8.849099976932683
144,GA-500,Atlanta,2016,227.09158676949764,396.8486524922447,97035.99084210444,5500.0,1023816,48459.293466794814,51540.706533205186,45896.62595622651,44593.75512787454,295.95161630605503,7112.313150019144,57.72521624979489,2043.6289333239567,92831.81743594552,7168.1825640544785,15.823155723294029,11.037139486001392
145,GA-500,Atlanta,2017,186.63533321282006,343.4628594725364,97086.33494744211,4900.0,1039996,48427.30164346786,51572.69835653214,45702.67577952223,44550.55596367679,280.8664648710187,7352.143662091008,57.30791272274124,2056.45021711622,92869.29949730575,7130.700502694242,15.769291420351616,12.211585429174727
146,GA-500,Atlanta,2018,180.50129527273003,292.5300233187132,96829.6250366138,4100.0,1051516,48432.263512870944,51567.736487129056,45556.70099171101,44452.771046755355,276.8383933292503,7546.247513114398,53.92214669106319,2113.519908398921,92844.14122086587,7155.858779134126,16.167133928537464,11.887598476865783
147,GA-500,Atlanta,2019,193.32988425558605,302.0603388296359,96901.74541487053,3700.0,1065019,48358.1044094049,51641.8955905951,45399.75343162892,44403.8087583414,274.26740743592364,7707.749814792037,44.22456312985965,2170.1960246718604,92836.55972334766,7163.440276652342,14.55373096630201,10.98571950359571
148,GA-500,Atlanta,2020,182.38317730986208,300.72340686206263,97102.65991709687,7900.0,1077402,48317.99087063139,51682.00912936861,45113.80153368937,44520.33688446838,275.8487546895217,7822.242765467299,42.2312191735304,2225.5388425118945,92793.68332340203,7206.316676597964,19.027252594667544,9.838481829437852
149,GA-500,Atlanta,2021,207.3528114187663,187.35908175276484,97081.6664069672,4700.0,1065334,48496.99718585908,51503.00281414092,44865.27229957929,44711.32996787861,278.128737090903,7835.195347186892,36.23276831491344,2273.840879949387,92703.4150792146,7296.584920785406,26.564438945908044,13.704622212376588
150,IL-510,Chicago,2007,124.33720249316144,114.19541224371925,99224.29629154266,5400.0,5235762,48611.75889965968,51388.24110034032,66601.2129657536,25976.944712154604,409.6442886441363,5713.743290852411,107.62521291074728,1190.8295296845045,77568.7282959004,22431.271704099614,9.89349783278919,7.429673082924701
151,IL-510,Chicago,2008,140.94380415107943,113.74045148053771,98801.3213600535,6700.0,5256705,48643.85579940286,51356.14420059714,66671.19421767058,25753.90857961404,421.27149992247996,5819.40588258234,110.6016030954752,1223.6182171150938,77212.7026340645,22787.297365935505,10.348688008933353,8.027842536341682
152,IL-510,Chicago,2009,145.4122602130456,118.02451921558333,98076.42730701526,10500.0,5287037,48666.181076470624,51333.81892352938,66725.25650945888,25548.639058134075,434.40210461927916,5917.643474029026,114.01471183197695,1260.044141926754,76837.89615998526,23162.103840014737,10.02451845901589,7.622416866006423
153,IL-510,Chicago,2010,153.65735103736037,120.12301058295274,98483.13898367078,11000.0,5194675,48401.75756904908,51598.24243095092,65842.0209156492,25250.819348659927,767.9017455374975,6406.618315871541,77.13668323812365,1655.502991043713,76037.73094563182,23962.269054368175,9.39423544302579,7.60394057376063
154,IL-510,Chicago,2011,149.97214365139638,127.11614373109542,98299.67070500701,10600.0,5219636,48419.16179595666,51580.83820404334,65799.49253166313,25023.277485249928,759.5931976865819,6638.930377520578,73.53003159607299,1705.1763762837104,75800.34316569201,24199.656834307985,9.636687309229991,6.992824787015799
155,IL-510,Chicago,2012,156.07627638690195,128.07531057308452,98189.00365615882,9700.0,5239105,48423.99608330049,51576.00391669951,65729.64275386732,24869.381316083567,756.8850023047829,6825.841436657597,73.92484021602927,1744.3246508707118,75654.81127024558,24345.188729754413,11.738646200066615,8.589253317121912
156,IL-510,Chicago,2013,151.54650735752583,119.48566333867237,98090.66631534277,9700.0,5252513,48443.649734898325,51556.35026510168,65667.59568229532,24676.9689099294,750.0600188900056,7038.116802376309,73.71709503622361,1793.5414914727485,75516.50038752878,24483.49961247121,11.956181736247013,8.49117365344931
157,IL-510,Chicago,2014,160.31265440299285,119.65875082887523,98142.91978771659,7600.0,5254108,48465.75289278408,51534.24710721592,65595.7585949889,24523.858283841902,747.300969070297,7220.711869645618,73.71374931767676,1838.656533135596,75355.72165627353,24644.27834372647,11.838355816058597,8.621825055746855
158,IL-510,Chicago,2015,155.70136082302778,129.4205578815613,98238.67126701506,6300.0,5243371,48487.966996804156,51512.033003195844,65502.250365270746,24398.368911908008,747.534362912714,7396.920797708192,73.29254405229003,1881.633018148058,75174.11985533734,24825.88014466266,13.292975072715626,8.277117907544593
159,IL-510,Chicago,2016,183.00389823765656,112.74296021775913,97964.76844713373,6200.0,5223386,48519.542687444504,51480.457312555496,65448.35093558087,24260.087230773293,743.8469988624237,7545.737573290583,72.65402173992119,1929.3232397529111,74990.39894811527,25009.601051884732,21.327162112851703,8.136484648080767
160,IL-510,Chicago,2017,182.24541895867785,108.79720716011401,98574.05845316028,5100.0,5199582,48544.26759689529,51455.73240310472,65396.21838832429,24072.473518063565,741.7134685057376,7746.199598352329,71.71730342939105,1971.6777233246826,74843.5354995844,25156.46450041561,23.751909288092776,8.923794258846192
161,IL-510,Chicago,2018,203.28729007715518,105.39533208908824,98525.5869891493,4200.0,5171007,48552.18722388115,51447.81277611885,65308.69132453311,23965.29341383603,739.662506741917,7892.717994773551,72.40369235624705,2021.2310677591424,74686.43921773844,25313.560782261557,23.47705195525746,8.876414207136056
162,IL-510,Chicago,2019,198.2964733429913,102.81175575658375,98391.93862546318,3900.0,5145326,48557.58410642979,51442.41589357021,65202.74905807718,23905.948816459833,746.7359696936599,8006.97565129984,72.70676338097917,2064.883741088514,74554.09045024552,25445.909549754477,26.412320618751856,9.270549621151313
163,IL-510,Chicago,2020,197.05247398147793,105.51488523347567,98234.04493563788,10400.0,5108284,48569.715387789714,51430.284612210286,65100.25675941275,23872.850452324106,753.442839121709,8093.57897877252,73.1165299345142,2106.7544404344003,74364.40495477543,25635.595045224578,37.07703017295045,8.848372565033582
164,IL-510,Chicago,2021,191.16027268513204,72.00647343028788,98280.50474508162,7000.0,5173146,48825.49226331521,51174.50773668479,65212.05858098727,23702.07606744523,763.2106265703694,8089.506849410398,71.32990253899658,2161.8179730477354,73969.72751204006,26030.272487959937,38.58387140049788,9.58797605944236
165,MA-500,Boston,2007,442.63390498875583,700.311051166339,93676.48208951742,4500.0,728819,48337.65310728727,51662.34689271273,66413.74607412814,23800.422327079836,474.0546006621671,7480.595319276803,144.34310850842252,1686.8385703446259,82281.88343059113,17718.116569408863,18.660325814777057,5.762747678092914
166,MA-500,Boston,2008,483.8944210770084,699.8562049967417,93409.79960254415,5200.0,742724,48334.64382462395,51665.356175376044,66703.78229328795,23513.041183535202,477.2970847851961,7447.98875490761,144.46820083907346,1713.4224826449663,81973.3844604456,18026.615539554397,13.06003306746517,5.385580646377389
167,MA-500,Boston,2009,516.2026593062449,676.9022532445128,94961.25162557393,7700.0,753580,48357.83858382653,51642.16141617346,66968.86860054673,23239.072162212375,484.221980413493,7429.0718968125475,146.36800339711777,1732.3973566177444,81624.77772764671,18375.2222723533,16.720188964675284,6.236895883648717
168,MA-500,Boston,2010,613.1383626283373,711.7501797034166,94280.09911041615,7400.0,722023,48154.83717277704,51845.16282722296,63394.10240394004,24742.563602544516,749.0066105927374,8490.449750215714,155.11971225293377,2468.7579204540575,80131.5193560316,19868.480643968407,11.495478675887057,7.478986126480735
169,MA-500,Boston,2011,634.0831564456079,742.7249977959676,93426.28698535844,6600.0,737285,48170.381874037856,51829.61812596214,63076.286646276545,24706.321164814148,746.9296133788155,8652.013807415044,155.70640932610863,2662.742358789342,79508.60250784975,20491.397492150252,13.292010552228785,7.188536319062507
170,MA-500,Boston,2012,696.327114035543,746.2358808098795,93160.63569128964,6200.0,751371,48317.54219952593,51682.45780047407,62705.64075536586,24853.63422330646,753.8220133595787,8740.156327566543,157.71170300690338,2789.034977394656,79034.85761361563,20965.142386384356,13.175914428424841,5.855961968188817
171,MA-500,Boston,2013,762.1289799085812,770.9116840114149,93134.67817943721,6100.0,762863,48318.6365048508,51681.36349514919,62425.756656175494,24957.823357536017,767.8967258865615,8781.13108120331,166.21595227452374,2901.1762269241003,78591.17561082396,21408.824389176036,16.7788973904882,6.292086521433075
172,MA-500,Boston,2014,780.5062051664291,773.401299293514,93316.09209508172,5300.0,774113,48365.9362392829,51634.06376071711,62064.711482690516,25078.50920989571,773.5304794002942,8876.352677193123,166.51315763977613,3040.382993180582,78163.52392996888,21836.47607003112,16.92259398821619,4.650483844089945
173,MA-500,Boston,2015,821.2702875595171,828.931390988244,93602.97863701309,4400.0,783177,48363.65215015252,51636.34784984747,61877.71091336952,25064.95977282275,770.3239497584836,8924.674754238185,168.79964554628137,3193.530964264783,77749.7296268915,22250.270373108506,24.132475800489544,6.001197685836025
174,MA-500,Boston,2016,995.4351718746059,786.865400620413,93166.50273637487,3700.0,793020,48361.07538271418,51638.92461728582,61641.06832110161,25015.7625280573,764.4195606668179,9069.380343497012,169.98310256992258,3339.3861441073363,77487.57912789084,22512.420872109153,32.53385791026708,6.305011222919977
175,MA-500,Boston,2017,990.1793280408953,765.6604710777528,93892.06371393378,3500.0,801269,48338.57293867603,51661.42706132397,61512.301112360525,24851.07997439062,752.9306637346509,9232.105572535565,167.48432798473422,3484.098348993908,77213.27044974908,22786.729550250915,34.32055901326521,4.368071147142844
176,MA-500,Boston,2018,943.0078492779435,769.629724522806,94737.33960346905,3100.0,804023,48217.899239200866,51782.100760799134,61544.1349314634,24665.836673826492,756.3216475150587,9271.749688752685,165.16940435783553,3596.7876540845227,76993.31984284031,23006.680157159684,28.979270493505783,7.711222191404972
177,MA-500,Boston,2019,1176.4267943889863,774.5233678489667,94027.16167337747,2800.0,805915,48235.235725851984,51764.76427414802,61613.693751822466,24390.785628757374,762.1151113951223,9391.4370622212,159.07384773828505,3682.894598065553,76903.51960194313,23096.48039805687,30.77247600553408,6.452293355999082
178,MA-500,Boston,2020,1196.2593970423486,765.2367443380714,94013.33862287327,10300.0,801582,48211.91094610408,51788.08905389593,61637.362116414784,24178.5618938549,760.4961189248262,9504.080680454403,156.69014523779228,3762.8090451132884,76701.0736269028,23298.9263730972,38.67352310805383,5.988158416730915
179,MA-500,Boston,2021,1111.968310977705,589.6958813347251,93862.26166782281,6000.0,771245,48273.76514596529,51726.234854034716,61277.2854281065,24431.536022923974,775.7586759071371,9530.045575660135,161.16798164007548,3824.206315762177,76203.93000927073,23796.069990729276,43.695583115611775,6.872005653197103
180,MI-501,Detroit,2007,86.91535292579691,911.6522093761577,98739.72738257595,8400.0,1981238,48109.61631060983,51890.383689390175,54686.11040167815,40956.36162843636,376.73414299544027,2485.0623700938504,61.22434558594172,1434.5071112102635,95092.10907523478,4907.890924765222,14.082104219684865,8.93380805334846
181,MI-501,Detroit,2008,91.99476250677262,926.7202456203721,98623.92664225787,9700.0,1949024,48115.36440803192,51884.63559196809,54906.30182080878,40690.00689575911,372.75066905281824,2526.5466202571133,63.159817426568374,1441.2341766956179,94953.88461096426,5046.115389035743,13.801779762588865,10.364161754806508
182,MI-501,Detroit,2009,133.60348272553182,191.81160714656608,98487.47149307733,15400.0,1925848,48119.21813144132,51880.781868558675,55082.54026278294,40474.79344164233,365.24170131806875,2555.549555312776,64.43914576851341,1457.4358931753702,94797.77220216756,5202.2277978324355,15.889104436071799,9.969634155966618
183,MI-501,Detroit,2010,150.11666586106438,154.45593282155616,98618.73992081662,15000.0,1820584,48015.417031018624,51984.58296898138,54060.89474586176,40792.29521955593,450.02043300391523,2579.556889437675,30.704433302720446,2086.528278837999,94767.61302966521,5232.386970334794,14.940260927262901,10.765776256410032
184,MI-501,Detroit,2011,248.0861096736944,174.04297164231008,98836.60759299902,12500.0,1803003,48038.744250564196,51961.2557494358,54291.75658609553,40395.99490405728,453.8539314687774,2690.178552115554,23.738174589837065,2144.4778516730144,94675.99332890738,5324.006671092616,15.41872087844557,11.369920072235043
185,MI-501,Detroit,2012,100.06698975440987,173.4605860239214,98726.08095458451,11700.0,1795797,48055.87713978807,51944.12286021193,54488.28570267129,40022.00694176458,461.0766138934412,2806.107817308972,23.72205767132922,2198.800866690389,94539.91737373434,5460.082626265664,16.48293209087664,10.914373952066965
186,MI-501,Detroit,2013,119.09235893313469,156.67386276627957,98565.6673581888,11400.0,1780131,48046.9695769581,51953.0304230419,54616.59844135066,39692.696773439704,460.69643189181016,2944.78327718578,23.256715376564983,2261.9683607554725,94443.7796993592,5556.220300640795,21.683797428391507,11.853060252307275
187,MI-501,Detroit,2014,141.50842220649278,155.50686205779323,98489.91830104096,9600.0,1771626,48082.72174826967,51917.278251730335,54689.59024082961,39440.71717168296,465.4481250557397,3073.052664614315,22.01367557260957,2309.178122244763,94356.99182558847,5643.008174411529,25.79551214533993,12.248634869887887
188,MI-501,Detroit,2015,282.51436652981016,147.14998192497333,98539.09588603328,6800.0,1764866,48096.56937127238,51903.43062872762,54659.78720197454,39281.62251411722,467.174278387141,3192.0270434129275,21.304733617169802,2378.0842284910013,94268.46004172554,5731.539958274452,32.693700258263235,11.38896664109343
189,MI-501,Detroit,2016,299.9713204246849,132.60754130852692,98215.44892054054,6200.0,1760835,48148.066116359565,51851.933883640435,54687.17966192176,39048.91713306471,465.91531858464873,3340.4606337334276,20.89917567517683,2436.6280770202775,94166.29042471327,5833.709575286724,38.277294578992354,11.926160032030257
190,MI-501,Detroit,2017,427.44815612495546,118.21097530312183,98555.2434361052,5500.0,1757874,48165.16997236435,51834.83002763566,54665.12389397647,38898.066641863974,470.8528597612798,3447.516716215155,21.503247673041415,2496.9366405100704,94060.95089864233,5939.049101357663,43.00649534608283,11.54804041700372
191,MI-501,Detroit,2018,171.19737930186096,100.7478922105762,98757.25282310515,5200.0,1755868,48165.408789271176,51834.59121072882,54618.28565700838,38798.132889260465,473.83971915884337,3513.5329079406883,21.64171794235102,2574.5671086892635,93948.91871142933,6051.081288570667,44.137714224531685,12.814175097444682
192,MI-501,Detroit,2019,168.04821229500376,112.27974741913715,98840.74732028526,5000.0,1750093,48153.555268205746,51846.44473179425,54550.30104114467,38769.82537499436,469.63218526101184,3534.897859713741,22.684508766105573,2652.6590301201136,93833.24200485346,6166.757995146543,43.1977043505688,12.056502140171979
193,MI-501,Detroit,2020,164.02173244866924,91.28915336635217,98914.12442556486,13500.0,1740623,48127.65314487973,51872.34685512027,54497.15417985399,38720.50409537275,469.0849195948807,3556.887390319443,20.969503447903424,2735.3999114110293,93734.31236976646,6265.687630233543,46.19035827976535,12.524251374364237
194,MI-501,Detroit,2021,166.04538160575518,72.8526224690334,98942.14386167355,8000.0,1774816,48411.66633611597,51588.333663884034,54669.83619710437,38435.08284802481,480.782233200512,3581.103618628635,13.80424787696302,2819.3908551647046,93541.86574833673,6458.134251663271,51.32926455474821,12.395651154823936
195,NV-500,Las Vegas/Clark County,2007,52.32142322973293,409.70611350267995,98672.60222937124,4600.0,1838635,50853.70397060863,49146.29602939137,77706.5050975316,10391.513269354711,1048.5496033742422,7362.527092109091,601.3700380989158,2889.5348995314457,71929.99154263898,28070.00845736103,20.44995336214094,17.83932101803784
196,NV-500,Las Vegas/Clark County,2008,74.87654948424586,400.884894999875,98231.11469203494,6800.0,1879093,50894.39426361548,49105.605736384525,77338.2690478864,10498.256339627682,1051.3582882805695,7552.633105439699,611.1459092232263,2948.3373095424226,71302.32511110413,28697.67488889587,19.371047627765098,18.519573006764432
197,NV-500,Las Vegas/Clark County,2009,71.94531945508646,522.8517043525604,98844.51297380644,11900.0,1902834,50882.42064205285,49117.57935794714,77096.74096636912,10587.73387484142,1052.1148980941061,7655.528543215015,612.7702153734903,2995.1115021068576,70713.84051367592,29286.159486324083,20.75851072663196,17.657872415565414
198,NV-500,Las Vegas/Clark County,2010,71.69693158657265,509.87331833796367,98964.36626626058,14000.0,1951269,50336.11460029345,49663.885399706545,74096.65197366432,11058.905768502445,1155.248200017527,9000.65547087562,800.299702398798,3888.238884541291,70857.73412071836,29142.265879281636,19.986993079888013,19.269511277020236
199,NV-500,Las Vegas/Clark County,2011,88.11708717221106,407.866424892542,99184.57293536415,13500.0,1962162,50226.53583139415,49773.46416860585,73626.23473495053,11187.302577463024,1151.6378362235125,9208.923626081843,811.7066786534444,4014.194546627649,70518.84604838949,29481.15395161052,23.2396713421216,16.818183208114316
200,NV-500,Las Vegas/Clark County,2012,90.6694866016232,368.0557928956135,99279.46909095296,11700.0,1989644,50202.4985374268,49797.5014625732,73146.3015494229,11409.327497783523,1158.2976653109802,9346.244855863662,814.5678322353144,4125.260599383608,70314.13659931124,29685.863400688766,21.310344966235164,18.495771102770146
201,NV-500,Las Vegas/Clark County,2013,100.70383655846622,294.97501732086164,99255.92155409015,10000.0,2017798,50129.894072647505,49870.105927352495,72688.54464123763,11516.316301235307,1157.2516178527287,9566.715796130238,832.491656746612,4238.679986797489,70018.25752627368,29981.74247372631,21.855507835769487,17.34564113949959
202,NV-500,Las Vegas/Clark County,2014,105.50510752805964,362.3786411312173,99596.52938344023,8200.0,2053929,50056.59884056362,49943.40115943638,72172.55318952116,11709.314197326199,1168.4435051065543,9743.520832511736,839.1234555819603,4367.044819952394,69790.43579403183,30209.56420596817,19.620931395389032,17.965567456323953
203,NV-500,Las Vegas/Clark County,2015,92.57175979773405,357.9409600006102,99580.23330752892,6900.0,2097832,49994.041467572235,50005.958532427765,71581.56611206236,11992.14236411686,1180.361439810242,9904.653947503899,847.2556429685503,4494.020493538091,69486.87978827665,30513.120211723344,20.92636588630548,17.82792902386845
204,NV-500,Las Vegas/Clark County,2016,96.53123014241393,290.060927746421,99449.64116173887,5900.0,2140240,49948.69734235413,50051.302657645865,70923.58800882143,12317.54382686054,1189.3525959705455,10057.61036145479,871.3041528052929,4640.601054087392,69229.19859455015,30770.801405449856,22.380667588681643,19.5772436736067
205,NV-500,Las Vegas/Clark County,2017,111.7588134878231,297.26012276064426,99691.24337634369,5200.0,2183273,49905.11951551638,50094.88048448362,70251.72756682284,12658.38033081525,1199.895752844468,10213.152455052576,887.8871309268242,4788.956763538045,68981.75354158643,31018.246458413585,21.252495679651606,19.832609114847298
206,NV-500,Las Vegas/Clark County,2018,116.33175861496566,272.9063199594432,98928.7877360395,4600.0,2228970,49880.841823802024,50119.158176197976,69715.51882708157,12936.917051373503,1214.3276939572986,10308.528154259591,905.1265831303248,4919.581690197715,68724.43325841083,31275.566741589166,22.028111639008152,20.861653588877374
207,NV-500,Las Vegas/Clark County,2019,110.50651087665275,242.98250701705362,98411.12288675521,4200.0,2275884,49837.20611419563,50162.79388580437,69178.96518451732,13132.962839933845,1230.2911747698915,10476.500559782484,923.5971604879687,5057.6830805084965,68449.92978552509,31550.0702144749,19.552841884735777,18.410428651020876
208,NV-500,Las Vegas/Clark County,2020,100.0447761902932,228.11245257372417,98868.93702533243,15500.0,2315963,49816.51261267991,50183.48738732009,68683.99883763255,13290.583657856365,1240.6933962243784,10666.83707813985,934.9890304810568,5182.897999665797,68185.02713558033,31814.972864419684,26.123042552925067,17.055540179182483
209,NV-500,Las Vegas/Clark County,2021,99.58664779914817,221.72533103945253,98880.38086331112,8300.0,2292476,50066.47834044936,49933.521659550635,67994.69220179404,13613.882980672426,1257.2868810840332,10851.978384942742,955.429849647281,5326.7297018594745,67663.65274925453,32336.347250745483,29.226042061072828,19.19322165204783
210,NY-600,New York City,2007,245.1080670384823,606.145787857157,97818.91244170425,24800.0,8310212,47686.906182417486,52313.093817582514,57103.296522399185,28396.916949892493,673.6891910820085,11822.418008108578,158.7444459900662,1844.934882527666,72689.86639570686,27310.13360429313,9.061140678480886,5.655692056953541
211,NY-600,New York City,2008,265.8146349364798,602.1593440547352,98434.17724218425,28500.0,8346794,47744.906607255434,52255.093392744566,57071.40969335053,28196.993959596944,676.6669933389994,12016.014771659633,160.80425610120486,1878.1103259526953,72577.73463679588,27422.265363204122,7.76345983859192,5.559020625164584
212,NY-600,New York City,2009,287.3849140615793,587.9849821512006,98238.47597457591,46900.0,8391881,47799.092956632725,52200.907043367275,56979.46622455681,28084.371072468733,683.6250418708273,12178.926274097546,163.87267645954464,1909.738710546539,72413.32425948366,27586.67574051634,7.4476747227469025,5.4814885959417206
213,NY-600,New York City,2010,296.8759040372799,650.594919984788,98355.32950962387,48800.0,8175133,47492.12031168178,52507.879688318215,53905.61841623861,28615.9503460066,1456.636852268948,13287.808283975319,207.98438386262342,2526.0017176478964,71424.61168521662,28575.38831478338,7.229240184838583,5.8469996757239295
214,NY-600,New York City,2011,331.79561515818466,617.9601163514836,97916.05422257636,46800.0,8272864,47536.765985757775,52463.23401424222,53683.17429127325,28501.91904520611,1454.4539835297667,13560.878070762436,207.77568687216424,2591.798922356272,71301.14794586253,28698.852054137482,8.147118095982238,6.007593017363757
215,NY-600,New York City,2012,222.83017929808315,678.973704026075,98191.77964025369,48500.0,8346715,47574.68057792796,52425.31942207204,53551.45107985597,28337.268015021476,1462.0961659766747,13790.263594719598,208.5491118362134,2650.3720325900667,71192.19956593701,28807.80043406298,9.321032286354573,6.349803485562884
216,NY-600,New York City,2013,233.42683190159556,762.9635619988883,98376.5169200807,45100.0,8396207,47606.50851033091,52393.49148966909,53369.28925168234,28256.806912931042,1462.8391129470724,13990.055271386234,209.41598986304174,2711.593461190273,71123.53232834779,28876.46767165221,9.349459821559902,6.348104566740673
217,NY-600,New York City,2014,258.6358072755949,804.0202673340711,98937.15421407523,36400.0,8433867,47619.48463261277,52380.51536738723,53194.30576744926,28122.900206986902,1461.203976776015,14241.972276774106,210.21199409476105,2769.4057779189548,71099.02254801978,28900.977451980216,9.070572253510756,6.2486164413074095
218,NY-600,New York City,2015,315.7450582566293,890.0106662324708,99318.77666927366,28800.0,8463157,47658.06660564137,52341.93339435863,53000.6592102687,27991.327586147818,1456.6313729025705,14507.954892010155,209.8862162193139,2833.5407224514447,71073.01684229655,28926.983157703446,10.480722501071408,6.179727021488553
219,NY-600,New York City,2016,338.176355663285,868.14735326228,99071.80981264038,26600.0,8468954,47696.397925883175,52303.602074116825,52806.49770916219,27863.26386942236,1458.1848006259097,14764.290843946019,211.25395178672596,2896.5088250567896,71066.86374728213,28933.136252717868,15.657187416533375,6.092842162089911
220,NY-600,New York City,2017,332.768605644077,906.6575646548021,100472.6527801728,23300.0,8437695,47709.99662822607,52290.00337177393,52665.11766542877,27745.101002110172,1454.0700985280932,14974.33837084654,213.39951254459896,2947.973350541825,71087.13931944684,28912.86068055316,16.532951238460267,6.589477339486672
221,NY-600,New York City,2018,348.54525883886055,936.9967465456909,98295.24139135132,21100.0,8396614,47724.16595546729,52275.83404453271,52600.98892243945,27619.84771480504,1450.5370855442445,15108.399647762777,214.89614742323513,3005.3304820252547,71077.53196705243,28922.468032947567,16.256552939077586,6.490711613038303
222,NY-600,New York City,2019,385.35645472061657,942.1635697312392,98084.14914433488,19700.0,8342925,47727.54159961884,52272.45840038116,52491.49429007213,27532.669896948613,1451.3734691370232,15249.987264658379,214.86469074095717,3059.610388442902,71109.62881723137,28890.37118276863,17.451912848311594,6.316729444409485
223,NY-600,New York City,2020,413.4026348283995,944.3958371121646,98251.90504594998,61600.0,8253213,47706.31752748899,52293.682472511005,52301.073533422685,27528.539491226024,1455.9057181730316,15383.98439492595,215.6129982347481,3114.883864017565,71033.0146574431,28966.985342556894,23.82102582351867,6.33692599476107
224,NY-600,New York City,2021,411.97456679428774,807.2972548137806,98210.10017935609,49600.0,8467513,47997.21004266542,52002.789957334586,52110.28314925528,27550.769629760234,1476.135909091607,15487.203857850587,216.07288940684236,3159.534564635449,70899.129413796,29100.870586204004,29.997001480836225,6.294646373734531
225,PA-500,Philadelphia,2007,389.5999492820734,499.33628795756425,91356.77643132722,6300.0,1530031,46750.81746709707,53249.18253290293,48320.39350836682,44172.04618729947,427.1808871846388,5564.00491231877,121.56616434568971,1394.8083404846045,88939.3090728227,11060.690927177293,23.26750242315352,8.757992485119583
226,PA-500,Philadelphia,2008,352.2573751047651,446.0671626142354,90533.65109640596,7100.0,1540351,46772.39148739476,53227.60851260524,48421.106617907215,43953.81312441126,439.83481686966155,5636.442603017105,123.80295140523167,1424.9998863895307,88619.28222853102,11380.71777146897,24.864462710122563,11.55580773473059
227,PA-500,Philadelphia,2009,257.73978751332163,407.42016561784845,96570.14781260482,9700.0,1547297,46826.88585320077,53173.11414679923,48579.74907209153,43688.251189008966,453.9529256503438,5708.083192819478,125.83233858787291,1444.1312818418182,88283.30953915117,11716.690460848822,22.684720515841494,9.888211506905268
228,PA-500,Philadelphia,2010,275.49039780970713,398.68781643060385,96886.97161085867,10300.0,1526006,47169.73589881036,52830.26410118964,45666.006555675405,44702.707590926904,794.688880646603,6514.915406623566,130.99555309743212,2190.686013030093,87705.74951867816,12294.25048132183,22.41144530231205,9.567459105665378
229,PA-500,Philadelphia,2011,307.15006669414487,401.1385063757006,96520.61027576649,10500.0,1540615,47199.59237057928,52800.40762942072,45354.35524125106,44706.43217156785,806.5610162175494,6726.0801692830455,130.7919240043749,2275.779477676123,87264.04715000179,12735.952849998213,28.3003865339491,10.839826952223625
230,PA-500,Philadelphia,2012,311.8381894829349,372.4018047957363,96525.323644873,10600.0,1552087,47228.08708532447,52771.91291467554,45199.72140736956,44654.71329893234,812.5188858614241,6854.899242117227,134.4641118700176,2343.68305384943,86900.41215473102,13099.587845268985,29.637513876477286,11.08185301468281
231,PA-500,Philadelphia,2013,347.01705830386993,362.1577545064422,96383.36242784913,10000.0,1558713,47264.506037994164,52735.49396200583,44960.553995507835,44628.87009988369,832.2892026947873,7024.769794054454,141.33454972146893,2412.182358137771,86586.0488749372,13413.951125062793,25.790507938279852,10.008256811869792
232,PA-500,Philadelphia,2014,351.3524386809532,366.4231721467302,96412.39912666377,8200.0,1565949,47286.022724878014,52713.97727512198,44825.5977685097,44519.07437598542,843.0031884818726,7174.435438191154,147.38666457209015,2490.5025642597557,86221.70964699362,13778.290353006387,32.95126469635984,10.472882577912818
233,PA-500,Philadelphia,2015,369.54110858515,381.6300911318405,96535.1067234467,7200.0,1571679,47301.58003001885,52698.41996998115,44684.760692227865,44439.09984163433,859.9084164132753,7305.753910308657,155.69336995658782,2554.7837694592854,85904.62810790243,14095.37189209756,36.13969519221164,10.371074500581862
234,PA-500,Philadelphia,2016,383.4824724534506,387.66868535155305,96277.82245890534,6700.0,1576604,47345.30674792148,52654.69325207852,44634.4801865275,44279.92063955185,865.9752226938407,7441.817983463191,161.1691965769464,2616.6367711866774,85593.84601332992,14406.153986670084,47.31689124218891,9.450692754807168
235,PA-500,Philadelphia,2017,390.6558706808312,359.9294176704923,96844.72203624077,6300.0,1581699,47329.80168793178,52670.19831206823,44604.94695893466,44080.44767051127,875.8935802576849,7594.681415364112,165.39177175935495,2678.6386031729176,85241.3765198056,14758.6234801944,66.19464259634735,10.305374157788556
236,PA-500,Philadelphia,2018,310.5100660479998,364.846175859891,96691.23348012067,5800.0,1586422,47352.59596752945,52647.40403247056,44562.985132581365,43897.02109526973,891.1878428312266,7725.1197978847995,174.10247714668608,2749.583654286186,84823.45807105549,15176.541928944507,59.883183667397454,10.085588828193256
237,PA-500,Philadelphia,2019,315.00108240203633,361.9577654930231,96800.9497367838,5700.0,1584439,47340.16266956317,52659.83733043683,44571.10687126484,43726.20214473388,900.5080031481174,7817.404141150275,178.86456973098996,2805.9142699718955,84639.29504386096,15360.704956139049,63.42939046564746,10.66623580964619
238,PA-500,Philadelphia,2020,325.0581094427765,356.9240671605151,96959.24008243337,12400.0,1578487,47324.81167092285,52675.18832907715,44622.920556203506,43517.49491760147,912.5827453757934,7900.666904447106,179.53901425859067,2866.7958621135303,84425.14889257879,15574.85110742122,70.5739103331228,10.579751369507637
239,PA-500,Philadelphia,2021,339.22262380801027,272.9260758597457,96989.43886474933,9200.0,1576251,47546.17126333306,52453.82873666694,44394.388964701684,43579.1634707924,931.3871965822702,7975.569880685246,175.09901659063183,2944.3914706477585,84108.81261930999,15891.187380690006,74.4805237236963,11.609826100031023
240,TX-503,Austin/Travis County,2007,26.17269651934049,544.1653949552642,98221.0809735831,3700.0,970477,51520.43788776035,48479.56211223965,83210.21518284308,8955.286936217963,777.0405687100262,5350.1525538472315,115.30412364229136,1592.0006347394117,67591.50397175821,32408.496028241785,10.098127003525072,11.128548126333751
241,TX-503,Austin/Travis County,2008,37.4538961565693,345.59731453561676,97890.7648105624,4200.0,998561,51561.59713828199,48438.40286171801,83154.2589786703,8885.4862146629,797.547671098711,5407.180933363109,119.57206420038435,1635.9541380045885,67108.76951933833,32891.230480661674,8.011528589640493,10.41498716653264
242,TX-503,Austin/Travis County,2009,44.145248587449494,257.3677737736294,97961.71739634637,6700.0,1026158,51594.29639490215,48405.70360509785,83064.98609375943,8812.093264390085,819.3669980646256,5500.90726769172,122.20340337452907,1680.4429727196007,66726.85882680834,33273.14117319165,11.499203826311348,11.011949426891375
243,TX-503,Austin/Travis County,2010,52.72067997961467,203.7556650323256,98472.27185125739,6800.0,1024266,50439.729523385526,49560.270476614474,81299.87718034183,8966.42083208854,1416.5265663411653,5984.773486574776,106.80819240314527,2225.593742250548,66535.45075205075,33464.54924794927,11.715706662136594,12.399122884094563
244,TX-503,Austin/Travis County,2011,82.04117694708863,222.48135470611172,98043.4450889266,6600.0,1061662,50398.90285232023,49601.09714767977,81222.08386473283,8917.05646429843,1379.440914339969,6085.646844287541,110.20456604832799,2285.567346292888,66383.27452616746,33616.725473832535,14.50555826619018,10.078537236898374
245,TX-503,Austin/Travis County,2012,87.24444306684728,204.57317684640054,97834.9338783756,5500.0,1096918,50361.923133725584,49638.076866274416,81035.59245084865,8963.386506557463,1356.9838401776615,6205.477528858128,110.49139498121099,2328.0682785768854,66336.3168441032,33663.6831558968,14.221664700551909,12.945361458194688
246,TX-503,Austin/Travis County,2013,92.21755145026579,186.21708457106809,97866.4333458666,5100.0,1122346,50371.632277390396,49628.367722609604,80907.13558920333,8948.220958599219,1333.9023794801246,6337.617811263193,113.24493516259692,2359.878326291536,66213.80572479432,33786.194275205686,13.899457030184989,12.295673526702103
247,TX-503,Austin/Travis County,2014,89.55138401143343,172.42112406077345,97940.57849152776,4100.0,1152411,50373.434477803494,49626.565522196506,80656.12008215819,8949.06417935962,1296.4992524368477,6550.353996968096,116.19118526289667,2431.771303814351,66235.91756760392,33764.082432396084,11.367472195249785,12.235218164352823
248,TX-503,Austin/Travis County,2015,95.93195949501823,155.25384257497652,97829.92077138787,3300.0,1180003,50423.515872417265,49576.48412758273,80420.558252818,8922.43494296201,1271.1832088562487,6766.677711836326,117.28783740380321,2501.8580461236115,66208.47574116338,33791.52425883663,11.610139974220406,13.474542013876235
249,TX-503,Austin/Travis County,2016,111.91403675588565,177.2386745067285,97580.1698274783,3200.0,1206283,50487.489254179985,49512.51074582001,80176.62521978673,8924.273988773779,1250.6186359254007,6967.685029134954,116.97089323152196,2563.826233147611,66217.04856986296,33782.951430137044,12.186195113418659,11.108504389102723
250,TX-503,Austin/Travis County,2017,105.83579726782322,165.88274306180762,98127.38262940443,3100.0,1227373,50505.3476001183,49494.6523998817,79945.94960130294,8926.218843008604,1246.9721918275864,7164.896082934853,118.87176921767059,2597.0915117083396,66272.68157275743,33727.31842724258,11.895324404235714,13.361871248593541
251,TX-503,Austin/Travis County,2018,102.75184026861464,172.2156136274127,98384.76673888438,2900.0,1246693,50542.59549063002,49457.40450936999,79717.78136237229,8952.885754552244,1232.9418710139544,7306.369731762351,122.16319494855588,2667.8580853506037,66342.07459254203,33657.92540745797,12.994377926241665,12.59331687913544
252,TX-503,Austin/Travis County,2019,99.95547937407298,177.06174861628796,98254.43027339748,2600.0,1273567,50512.14423740566,49487.85576259435,79456.51858127606,8997.327977248155,1223.1001588451963,7499.330620218646,127.43734723025958,2696.2853151816903,66493.08595464549,33506.914045354504,12.955737703630827,13.112776948523322
253,TX-503,Austin/Travis County,2020,103.88288223864151,192.69467275354228,98293.04507563612,6400.0,1300503,50513.99343177216,49486.00656822783,79151.22071998296,9057.187872692335,1205.8411245495013,7694.484364895736,128.10427965179628,2763.1616382276707,66677.58551883388,33322.41448116613,16.60895822616326,12.226038694259067
254,TX-503,Austin/Travis County,2021,110.9447620740541,226.3334441759363,98371.6864063551,4000.0,1305154,50786.80370285805,49213.19629714195,78863.87353523032,9080.077906515247,1204.762043406372,7886.8087597325675,132.2449304832993,2832.232824632189,66637.11715245864,33362.88284754136,20.610594611823586,15.170623543275353
255,TX-700,"Houston, Pasadena, Conroe/Harris, Ft. Bend, Montgomery",2007,28.881216215964418,214.54913523013568,99353.76467170959,12300.0,4830129,50028.87086452557,49971.12913547443,73722.60658048677,18010.740499891413,619.6935941048366,6243.000963328309,130.63833284783905,1273.3200293408313,65021.36899449269,34978.631005507305,12.214994671984952,9.647775452788114
256,TX-700,"Houston, Pasadena, Conroe/Harris, Ft. Bend, Montgomery",2008,38.64940259268525,209.5885709408672,98930.82120980517,13300.0,4944449,50082.729137260794,49917.270862739206,73641.16810589006,17899.891373133793,640.9814319047481,6359.454814884327,137.16391856807502,1321.340355618998,64388.266518675795,35611.73348132421,7.260667467699636,9.768530325623745
257,TX-700,"Houston, Pasadena, Conroe/Harris, Ft. Bend, Montgomery",2009,30.026142840508577,149.26381769008725,98908.47877985104,21500.0,5075577,50125.96597391784,49874.03402608216,73521.02036871867,17844.690367223273,660.5357381042589,6461.0782182991215,143.27435087675744,1369.400956777919,63828.270165145754,36171.729834854246,9.910203312845022,11.131739307668862
258,TX-700,"Houston, Pasadena, Conroe/Harris, Ft. Bend, Montgomery",2010,33.68019978260785,124.04598740060544,99387.91252887849,23600.0,5133580,49686.261828977054,50313.738171022946,71544.6920083061,18437.230938253615,1071.0069775867912,7272.312888861185,123.9485894833625,1550.808597508951,62887.40021583379,37112.59978416622,10.090424226368343,10.148862976714106
259,TX-700,"Houston, Pasadena, Conroe/Harris, Ft. Bend, Montgomery",2011,57.10791951017308,161.14629785831985,98952.8058783491,22700.0,5256714,49636.255653246495,50363.744346753505,71351.11402294286,18408.838677546468,1058.58907294557,7462.8180266227155,119.599430366575,1599.0407695758224,62603.67217999686,37396.32782000314,8.921923467778539,10.519879909768726
260,TX-700,"Houston, Pasadena, Conroe/Harris, Ft. Bend, Montgomery",2012,57.07463989085452,133.78846604552234,98793.9305792927,18400.0,5371913,49630.79260591153,50369.20739408848,71108.02055059343,18424.460708875962,1048.0623941601436,7649.807433590232,118.26327045877325,1651.38564232146,62453.282471253726,37546.717528746274,8.04182792982686,9.959208200132801
261,TX-700,"Houston, Pasadena, Conroe/Harris, Ft. Bend, Montgomery",2013,58.91677814271126,115.5619346728874,98686.02136741807,17100.0,5502677,49646.29034195538,50353.70965804462,70847.8618679599,18420.016293887504,1042.8742228555302,7866.843719883976,118.03345898732563,1704.3704364257615,62324.33777232427,37675.662227675726,9.013794558539416,9.722540501650379
262,TX-700,"Houston, Pasadena, Conroe/Harris, Ft. Bend, Montgomery",2014,64.99074465320295,93.84408939586542,98771.64663846158,14200.0,5656190,49653.70682385139,50346.2931761486,70518.91821172909,18445.75588868125,1031.2241986213335,8123.630924703732,116.50952319494218,1763.9612530696459,62247.643731911405,37752.35626808859,8.521637356595164,9.918337255290222
263,TX-700,"Houston, Pasadena, Conroe/Harris, Ft. Bend, Montgomery",2015,64.94790048852116,79.35972252163151,98672.18390931262,13300.0,5807732,49663.63806043392,50336.36193956608,70188.50043355995,18487.06173080989,1023.8936645148227,8363.712375157807,116.15549753328838,1820.6762984242387,62050.125591194635,37949.874408805365,9.521789228566332,10.899263258015349
264,TX-700,"Houston, Pasadena, Conroe/Harris, Ft. Bend, Montgomery",2016,81.34854203252827,68.06060044274004,98361.21015158216,15200.0,5922663,49642.17953984551,50357.82046015449,69901.6135140561,18554.170649250176,1019.5751471930786,8547.776566048076,114.40799518730005,1862.4561282652753,61754.53507991253,38245.46492008747,10.805949958658799,11.025445817194056
265,TX-700,"Houston, Pasadena, Conroe/Harris, Ft. Bend, Montgomery",2017,97.60494282638696,60.127446836829286,98834.46154995715,14200.0,5995598,49597.237840162066,50402.762159837934,69618.51011358667,18654.61960591754,1019.3478615477555,8699.38244692189,112.91617616791518,1895.223795858228,61431.58697431015,38568.41302568984,11.25825980994723,10.941360644926494
266,TX-700,"Houston, Pasadena, Conroe/Harris, Ft. Bend, Montgomery",2018,97.00627890683913,68.40800229975056,99313.29461558186,12200.0,6056309,49554.14263043712,50445.85736956289,69343.09329329134,18801.269882365646,1020.0932614237483,8788.223982627043,112.42821328964557,1934.8913670025752,61137.76559287183,38862.23440712817,11.838893953396367,11.029820308045709
267,TX-700,"Houston, Pasadena, Conroe/Harris, Ft. Bend, Montgomery",2019,90.03904519783873,64.24601558055608,99004.18675850138,10800.0,6129563,49523.383640889246,50476.61635911076,69112.92044799932,18895.294819549126,1022.7156487338493,8881.269349870456,114.70638282043925,1973.0933510268187,60831.514416280574,39168.485583719426,12.349983188034775,11.273234323556181
268,TX-700,"Houston, Pasadena, Conroe/Harris, Ft. Bend, Montgomery",2020,98.36710286881217,64.05224755049312,98949.27880779651,24100.0,6204310,49506.52046722359,50493.47953277641,68867.04565052358,19014.830013329443,1032.056747648006,8952.76025859443,114.93622981443544,2018.3711000900987,60550.11757955357,39449.88242044643,17.423371817333436,11.604835993043546
269,TX-700,"Houston, Pasadena, Conroe/Harris, Ft. Bend, Montgomery",2021,97.13824663299785,48.865814345508404,99037.00506924688,18200.0,6235443,49712.39413141937,50287.605868580635,68677.10922864663,19127.68667759452,1047.25518299181,8965.890635196249,116.06232307792726,2065.9959524928704,60106.13840909138,39893.86159090862,20.49573703103372,12.284612336284686
270,WA-500,Seattle/King,2007,149.39386467661478,425.4091238467063,98471.55271638422,3100.0,1857506,49867.187508411815,50132.812491588185,75353.51164410774,6265.928616112142,982.769369251028,13402.486990620757,639.5134120697322,3355.7899678385966,92488.9071690751,7511.092830924907,13.889591742906887,11.736166666487215
271,WA-500,Seattle/King,2008,154.54490452924836,451.1628548774521,98025.83744550859,3800.0,1884242,49979.08973475806,50020.91026524194,74901.20695749272,6385.910090105199,992.123092469014,13664.062259518681,651.4555985908391,3405.242001823545,92173.93519516071,7826.064804839293,13.002576102220416,10.826634795318224
272,WA-500,Seattle/King,2009,161.1841950782727,467.11586738125516,98404.12514656073,7000.0,1916441,50036.604309759605,49963.395690240395,74453.37477125568,6502.26122275614,978.950043335537,13953.99075682476,666.0262434377056,3445.3969623901808,91896.85463836351,8103.145361636492,12.471033546036637,11.844872865900907
273,WA-500,Seattle/King,2010,175.11983177725918,467.15881794631355,98933.85058063461,8400.0,1931249,49816.983724004516,50183.016275995484,72332.827097904,6432.728249956375,1047.871092748786,14842.622572231754,793.113679282164,4550.837307876923,91074.27369541679,8925.726304583199,12.737870673331093,11.805831355770282
274,WA-500,Seattle/King,2011,205.57113475367674,454.39374747720814,98234.53949584173,7500.0,1974499,49766.24450050367,50233.75549949632,71632.19631916755,6515.627508547737,1050.038516099527,15331.636025138529,792.9606447002504,4677.540986346409,90996.04507269945,9003.954927300547,11.952399064268961,12.56014816923179
275,WA-500,Seattle/King,2012,210.02053976024354,442.3604220890905,98335.19576399756,6300.0,2011708,49785.30681391136,50214.69318608863,71061.65507121311,6591.712117265527,1054.029710077208,15723.902276075853,798.7242681343416,4769.976557233952,90906.0857738797,9093.914226120292,12.974049911816229,13.471139946751714
276,WA-500,Seattle/King,2013,213.1381999807614,444.63607079606265,98391.33150094704,4400.0,2047967,49859.15300393024,50140.84699606976,70502.50321416311,6631.015050535482,1062.7612651961676,16124.576226081768,812.5619211637687,4866.582322859695,90770.40792161202,9229.592078387981,13.76975312590486,12.45137250746716
277,WA-500,Seattle/King,2014,224.66965842734118,428.96709478691616,98289.40443126988,4500.0,2086174,49907.246471291466,50092.753528708534,69815.50915695431,6649.92469468031,1058.3009854403324,16699.565808029434,815.8955101539949,4960.803844741618,90676.3769465059,9323.6230534941,14.380392047834935,12.846483562732542
278,WA-500,Seattle/King,2015,286.5037238433147,475.7983088994309,98138.17235537556,4100.0,2127372,49979.55223628026,50020.44776371974,69134.68824446312,6688.487015905071,1045.8443563232006,17261.67308773454,822.9402286012977,5046.367066972772,90598.8703433156,9401.129656684398,13.39681071293596,11.845601051438113
279,WA-500,Seattle/King,2016,288.7175065952046,494.957476556406,97831.78180540007,3800.0,2167863,50072.16784455475,49927.83215544525,68426.55647520162,6718.27509395197,1035.674302296778,17836.45922274609,833.4936294406058,5149.541276362944,90436.89568944163,9563.10431055837,14.207539867602334,12.177891315087715
280,WA-500,Seattle/King,2017,342.6302300996689,528.0269714163395,97945.624514456,3600.0,2205001,50151.08836685335,49848.91163314665,67572.44101023083,6801.221405341766,1029.6593969798653,18531.238761342967,830.1583536696808,5235.281072434888,90298.91596421045,9701.084035789554,15.192736874042234,12.199540952589137
281,WA-500,Seattle/King,2018,339.2883425892354,543.5075261791851,98871.92571824483,3300.0,2228488,50222.25832043968,49777.74167956031,66708.59344990864,6906.252131490051,1017.0573052221955,19226.04025689167,825.1783271886588,5316.8785292987895,90189.2224683283,9810.777531671698,16.51343870821831,13.865903697933307
282,WA-500,Seattle/King,2019,343.07513203147334,497.8101067142355,98711.31236684058,2700.0,2249653,50296.645749366675,49703.35425063332,65948.12622213292,7015.1263328166615,1012.4228047614455,19816.3450096526,824.971673409188,5383.007957227181,90029.97351147044,9970.026488529564,18.402838126591078,14.224415943258803
283,WA-500,Seattle/King,2020,350.8748788096636,516.6830452246061,98535.51508915871,7800.0,2274315,50367.693129579675,49632.306870420325,65200.07123023855,7106.623312953571,1004.1265172150735,20401.835277874878,831.019449812361,5456.324211905562,89901.57475987275,10098.425240127248,21.764795114133268,11.563921444478886
284,WA-500,Seattle/King,2021,348.975826986132,230.1198105940359,98592.55296240962,4300.0,2252305,50663.74225515639,49336.25774484361,64416.586563542674,7216.118598502423,1022.2416591003439,20926.650697840658,836.4764097224843,5581.92607129141,89710.80737289132,10289.192627108672,29.614106437627232,13.097693252024037
